rebalance_date,ticker,rank,selected_flag
2013-04-01,NFLX,1.0,1
2013-04-01,MJN,2.0,1
2013-04-01,SWY,3.0,1
2013-04-01,DELL,4.0,1
2013-04-01,FSLR,5.0,1
2013-04-01,CPB,6.0,1
2013-04-01,AVY,7.0,1
2013-04-01,CVH,8.0,1
2013-04-01,HRL,9.0,1
2013-04-01,HAS,10.0,1
2013-04-01,CINF,11.0,1
2013-04-01,LUV,12.0,1
2013-04-01,GPC,13.0,1
2013-04-01,K,14.0,1
2013-04-01,UNM,15.0,1
2013-04-01,WY,16.0,1
2013-04-01,NOC,17.0,1
2013-04-01,NTRS,18.0,1
2013-04-01,BK,19.0,1
2013-04-01,BMS,20.0,1
2013-04-29,NFLX,1.0,1
2013-04-29,MJN,2.0,1
2013-04-29,FSLR,3.0,1
2013-04-29,DELL,4.0,1
2013-04-29,CPB,5.0,1
2013-04-29,HAS,6.0,1
2013-04-29,AVY,7.0,1
2013-04-29,HRL,8.0,1
2013-04-29,SWY,9.0,1
2013-04-29,CVH,10.0,1
2013-04-29,CINF,11.0,1
2013-04-29,LUV,12.0,1
2013-04-29,PEG,13.0,1
2013-04-29,CMG,14.0,1
2013-04-29,BSX,15.0,1
2013-04-29,KMB,16.0,1
2013-04-29,K,17.0,1
2013-04-29,GPC,18.0,1
2013-04-29,DNB,19.0,1
2013-04-29,LEG,20.0,1
2013-05-28,MJN,1.0,1
2013-05-28,NFLX,2.0,1
2013-05-28,FSLR,3.0,1
2013-05-28,AMD,4.0,1
2013-05-28,DELL,5.0,1
2013-05-28,CPB,6.0,1
2013-05-28,LUV,7.0,1
2013-05-28,HAS,8.0,1
2013-05-28,DNB,9.0,1
2013-05-28,SWY,10.0,1
2013-05-28,BSX,11.0,1
2013-05-28,AVY,12.0,1
2013-05-28,AVP,13.0,1
2013-05-28,HRL,14.0,1
2013-05-28,CINF,15.0,1
2013-05-28,NOC,16.0,1
2013-05-28,PEG,17.0,1
2013-05-28,GPC,18.0,1
2013-05-28,UNM,19.0,1
2013-05-28,KMB,20.0,1
2013-06-24,MJN,1.0,1
2013-06-24,NFLX,2.0,1
2013-06-24,AMD,3.0,1
2013-06-24,FSLR,4.0,1
2013-06-24,DELL,5.0,1
2013-06-24,CPB,6.0,1
2013-06-24,BSX,7.0,1
2013-06-24,SWY,8.0,1
2013-06-24,PAYX,9.0,1
2013-06-24,HAS,10.0,1
2013-06-24,UNM,11.0,1
2013-06-24,PBCT,12.0,1
2013-06-24,KMB,13.0,1
2013-06-24,CME,14.0,1
2013-06-24,CINF,15.0,1
2013-06-24,WPX,16.0,1
2013-06-24,DNB,17.0,1
2013-06-24,ZION,18.0,1
2013-06-24,AVP,19.0,1
2013-06-24,AVY,20.0,1
2013-07-22,MJN,1.0,1
2013-07-22,NFLX,2.0,1
2013-07-22,FSLR,3.0,1
2013-07-22,CPB,4.0,1
2013-07-22,SWY,5.0,1
2013-07-22,PAYX,6.0,1
2013-07-22,GME,7.0,1
2013-07-22,DNB,8.0,1
2013-07-22,PBCT,9.0,1
2013-07-22,UNM,10.0,1
2013-07-22,CINF,11.0,1
2013-07-22,AMD,12.0,1
2013-07-22,HAS,13.0,1
2013-07-22,WPX,14.0,1
2013-07-22,LNC,15.0,1
2013-07-22,PEG,16.0,1
2013-07-22,NOC,17.0,1
2013-07-22,ZION,18.0,1
2013-07-22,DD,19.0,1
2013-07-22,BSX,20.0,1
2013-08-19,MJN,1.0,1
2013-08-19,GME,2.0,1
2013-08-19,SWY,3.0,1
2013-08-19,NOC,4.0,1
2013-08-19,NFLX,5.0,1
2013-08-19,PAYX,6.0,1
2013-08-19,BSX,7.0,1
2013-08-19,FDO,8.0,1
2013-08-19,DNB,9.0,1
2013-08-19,CPB,10.0,1
2013-08-19,DD,11.0,1
2013-08-19,LNC,12.0,1
2013-08-19,PBCT,13.0,1
2013-08-19,PBI,14.0,1
2013-08-19,WPX,15.0,1
2013-08-19,GPC,16.0,1
2013-08-19,PCAR,17.0,1
2013-08-19,CINF,18.0,1
2013-08-19,RTN,19.0,1
2013-08-19,UNM,20.0,1
2013-09-16,MJN,1.0,1
2013-09-16,GME,2.0,1
2013-09-16,NFLX,3.0,1
2013-09-16,FSLR,4.0,1
2013-09-16,BSX,5.0,1
2013-09-16,PAYX,6.0,1
2013-09-16,GT,7.0,1
2013-09-16,NOC,8.0,1
2013-09-16,DNB,9.0,1
2013-09-16,AMD,10.0,1
2013-09-16,DD,11.0,1
2013-09-16,FDO,12.0,1
2013-09-16,LNC,13.0,1
2013-09-16,SWY,14.0,1
2013-09-16,PBCT,15.0,1
2013-09-16,PCAR,16.0,1
2013-09-16,HAS,17.0,1
2013-09-16,NVDA,18.0,1
2013-09-16,RTN,19.0,1
2013-09-16,CINF,20.0,1
2013-10-14,MJN,1.0,1
2013-10-14,NFLX,2.0,1
2013-10-14,GT,3.0,1
2013-10-14,BSX,4.0,1
2013-10-14,X,5.0,1
2013-10-14,PAYX,6.0,1
2013-10-14,PBCT,7.0,1
2013-10-14,CLF,8.0,1
2013-10-14,NOC,9.0,1
2013-10-14,GME,10.0,1
2013-10-14,DNB,11.0,1
2013-10-14,PBI,12.0,1
2013-10-14,PCAR,13.0,1
2013-10-14,FOSL,14.0,1
2013-10-14,DD,15.0,1
2013-10-14,WPX,16.0,1
2013-10-14,FSLR,17.0,1
2013-10-14,ROK,18.0,1
2013-10-14,SWY,19.0,1
2013-10-14,FDO,20.0,1
2013-11-11,MJN,1.0,1
2013-11-11,NFLX,2.0,1
2013-11-11,X,3.0,1
2013-11-11,GT,4.0,1
2013-11-11,PBI,5.0,1
2013-11-11,NOC,6.0,1
2013-11-11,CLF,7.0,1
2013-11-11,PAYX,8.0,1
2013-11-11,DNB,9.0,1
2013-11-11,FSLR,10.0,1
2013-11-11,BSX,11.0,1
2013-11-11,PBCT,12.0,1
2013-11-11,LNC,13.0,1
2013-11-11,BCR,14.0,1
2013-11-11,LUV,15.0,1
2013-11-11,ROK,16.0,1
2013-11-11,RTN,17.0,1
2013-11-11,DD,18.0,1
2013-11-11,CMG,19.0,1
2013-11-11,FDO,20.0,1
2013-12-09,MJN,1.0,1
2013-12-09,NFLX,2.0,1
2013-12-09,X,3.0,1
2013-12-09,PBI,4.0,1
2013-12-09,CLF,5.0,1
2013-12-09,PAYX,6.0,1
2013-12-09,GRMN,7.0,1
2013-12-09,LNC,8.0,1
2013-12-09,DNB,9.0,1
2013-12-09,CINF,10.0,1
2013-12-09,GT,11.0,1
2013-12-09,NOC,12.0,1
2013-12-09,SWY,13.0,1
2013-12-09,ROK,14.0,1
2013-12-09,BCR,15.0,1
2013-12-09,PBCT,16.0,1
2013-12-09,LUV,17.0,1
2013-12-09,UNM,18.0,1
2013-12-09,SEE,19.0,1
2013-12-09,DE,20.0,1
2014-01-06,MJN,1.0,1
2014-01-06,PBI,2.0,1
2014-01-06,CLF,3.0,1
2014-01-06,NFLX,4.0,1
2014-01-06,PAYX,5.0,1
2014-01-06,DE,6.0,1
2014-01-06,X,7.0,1
2014-01-06,SWY,8.0,1
2014-01-06,CL,9.0,1
2014-01-06,ROK,10.0,1
2014-01-06,NOC,11.0,1
2014-01-06,KMB,12.0,1
2014-01-06,LUV,13.0,1
2014-01-06,GT,14.0,1
2014-01-06,GRMN,15.0,1
2014-01-06,CHRW,16.0,1
2014-01-06,SIAL,17.0,1
2014-01-06,RTN,18.0,1
2014-01-06,ABBV,19.0,1
2014-01-06,K,20.0,1
2014-02-03,NFLX,1.0,1
2014-02-03,MJN,2.0,1
2014-02-03,PBI,3.0,1
2014-02-03,KMB,4.0,1
2014-02-03,CL,5.0,1
2014-02-03,DE,6.0,1
2014-02-03,LUV,7.0,1
2014-02-03,SWY,8.0,1
2014-02-03,PAYX,9.0,1
2014-02-03,PHM,10.0,1
2014-02-03,CHRW,11.0,1
2014-02-03,X,12.0,1
2014-02-03,SIAL,13.0,1
2014-02-03,NOC,14.0,1
2014-02-03,EXPE,15.0,1
2014-02-03,XYL,16.0,1
2014-02-03,HP,17.0,1
2014-02-03,ROK,18.0,1
2014-02-03,K,19.0,1
2014-02-03,CMG,20.0,1
2014-03-03,MJN,1.0,1
2014-03-03,FSLR,2.0,1
2014-03-03,SWY,3.0,1
2014-03-03,PBI,4.0,1
2014-03-03,NFLX,5.0,1
2014-03-03,LUV,6.0,1
2014-03-03,EXPE,7.0,1
2014-03-03,KMB,8.0,1
2014-03-03,CL,9.0,1
2014-03-03,HP,10.0,1
2014-03-03,PAYX,11.0,1
2014-03-03,PHM,12.0,1
2014-03-03,XYL,13.0,1
2014-03-03,DE,14.0,1
2014-03-03,TXT,15.0,1
2014-03-03,K,16.0,1
2014-03-03,ROK,17.0,1
2014-03-03,MO,18.0,1
2014-03-03,IBM,19.0,1
2014-03-03,NOC,20.0,1
2014-03-31,MJN,1.0,1
2014-03-31,FSLR,2.0,1
2014-03-31,LM,3.0,1
2014-03-31,PBI,4.0,1
2014-03-31,HP,5.0,1
2014-03-31,KMB,6.0,1
2014-03-31,LUV,7.0,1
2014-03-31,CL,8.0,1
2014-03-31,DE,9.0,1
2014-03-31,PAYX,10.0,1
2014-03-31,DAL,11.0,1
2014-03-31,CPB,12.0,1
2014-03-31,K,13.0,1
2014-03-31,SWY,14.0,1
2014-03-31,BCR,15.0,1
2014-03-31,TXT,16.0,1
2014-03-31,NTRS,17.0,1
2014-03-31,IBM,18.0,1
2014-03-31,NOC,19.0,1
2014-03-31,MO,20.0,1
2014-04-28,MJN,1.0,1
2014-04-28,AGN,2.0,1
2014-04-28,MO,3.0,1
2014-04-28,CL,4.0,1
2014-04-28,IBM,5.0,1
2014-04-28,DE,6.0,1
2014-04-28,KMB,7.0,1
2014-04-28,K,8.0,1
2014-04-28,CPB,9.0,1
2014-04-28,HP,10.0,1
2014-04-28,LM,11.0,1
2014-04-28,PBI,12.0,1
2014-04-28,DAL,13.0,1
2014-04-28,EXPE,14.0,1
2014-04-28,PAYX,15.0,1
2014-04-28,FSLR,16.0,1
2014-04-28,PEG,17.0,1
2014-04-28,SWN,18.0,1
2014-04-28,TXT,19.0,1
2014-04-28,NVDA,20.0,1
2014-05-27,MJN,1.0,1
2014-05-27,CPB,2.0,1
2014-05-27,MO,3.0,1
2014-05-27,DE,4.0,1
2014-05-27,K,5.0,1
2014-05-27,AGN,6.0,1
2014-05-27,HP,7.0,1
2014-05-27,DAL,8.0,1
2014-05-27,CL,9.0,1
2014-05-27,KMB,10.0,1
2014-05-27,IBM,11.0,1
2014-05-27,PAYX,12.0,1
2014-05-27,LM,13.0,1
2014-05-27,NVDA,14.0,1
2014-05-27,EQR,15.0,1
2014-05-27,BMS,16.0,1
2014-05-27,SWY,17.0,1
2014-05-27,SIAL,18.0,1
2014-05-27,PBI,19.0,1
2014-05-27,LUV,20.0,1
2014-06-23,MJN,1.0,1
2014-06-23,NFX,2.0,1
2014-06-23,MO,3.0,1
2014-06-23,KMB,4.0,1
2014-06-23,HP,5.0,1
2014-06-23,CL,6.0,1
2014-06-23,K,7.0,1
2014-06-23,CPB,8.0,1
2014-06-23,DE,9.0,1
2014-06-23,IBM,10.0,1
2014-06-23,DAL,11.0,1
2014-06-23,PBI,12.0,1
2014-06-23,DGX,13.0,1
2014-06-23,AIV,14.0,1
2014-06-23,SWY,15.0,1
2014-06-23,CHRW,16.0,1
2014-06-23,PAYX,17.0,1
2014-06-23,FDO,18.0,1
2014-06-23,BMS,19.0,1
2014-06-23,NI,20.0,1
2014-07-21,CLX,1.0,1
2014-07-21,MJN,2.0,1
2014-07-21,NFX,3.0,1
2014-07-21,MO,4.0,1
2014-07-21,K,5.0,1
2014-07-21,CPB,6.0,1
2014-07-21,HP,7.0,1
2014-07-21,KMB,8.0,1
2014-07-21,CL,9.0,1
2014-07-21,NFLX,10.0,1
2014-07-21,PETM,11.0,1
2014-07-21,HUM,12.0,1
2014-07-21,SWY,13.0,1
2014-07-21,INTC,14.0,1
2014-07-21,AIV,15.0,1
2014-07-21,DGX,16.0,1
2014-07-21,IBM,17.0,1
2014-07-21,MSFT,18.0,1
2014-07-21,EQR,19.0,1
2014-07-21,DE,20.0,1
2014-08-18,CLX,1.0,1
2014-08-18,MJN,2.0,1
2014-08-18,MO,3.0,1
2014-08-18,FDO,4.0,1
2014-08-18,INTC,5.0,1
2014-08-18,NFX,6.0,1
2014-08-18,CHRW,7.0,1
2014-08-18,CPB,8.0,1
2014-08-18,K,9.0,1
2014-08-18,DGX,10.0,1
2014-08-18,IBM,11.0,1
2014-08-18,CL,12.0,1
2014-08-18,PETM,13.0,1
2014-08-18,LUV,14.0,1
2014-08-18,EW,15.0,1
2014-08-18,KMB,16.0,1
2014-08-18,DNB,17.0,1
2014-08-18,SWY,18.0,1
2014-08-18,SYY,19.0,1
2014-08-18,DE,20.0,1
2014-09-15,CLX,1.0,1
2014-09-15,MJN,2.0,1
2014-09-15,MO,3.0,1
2014-09-15,FDO,4.0,1
2014-09-15,CHRW,5.0,1
2014-09-15,INTC,6.0,1
2014-09-15,DGX,7.0,1
2014-09-15,CPB,8.0,1
2014-09-15,K,9.0,1
2014-09-15,IBM,10.0,1
2014-09-15,BLK,11.0,1
2014-09-15,PETM,12.0,1
2014-09-15,CL,13.0,1
2014-09-15,SYY,14.0,1
2014-09-15,LUV,15.0,1
2014-09-15,EW,16.0,1
2014-09-15,COV,17.0,1
2014-09-15,PAYX,18.0,1
2014-09-15,MSFT,19.0,1
2014-09-15,NTRS,20.0,1
2014-10-13,CLX,1.0,1
2014-10-13,MJN,2.0,1
2014-10-13,SIAL,3.0,1
2014-10-13,FDO,4.0,1
2014-10-13,MO,5.0,1
2014-10-13,PAYX,6.0,1
2014-10-13,CHRW,7.0,1
2014-10-13,CPB,8.0,1
2014-10-13,NFLX,9.0,1
2014-10-13,COV,10.0,1
2014-10-13,KMB,11.0,1
2014-10-13,BBBY,12.0,1
2014-10-13,BCR,13.0,1
2014-10-13,CL,14.0,1
2014-10-13,BLK,15.0,1
2014-10-13,SYY,16.0,1
2014-10-13,ED,17.0,1
2014-10-13,K,18.0,1
2014-10-13,AIV,19.0,1
2014-10-13,CTAS,20.0,1
2014-11-10,CLX,1.0,1
2014-11-10,MJN,2.0,1
2014-11-10,FDO,3.0,1
2014-11-10,SIAL,4.0,1
2014-11-10,MO,5.0,1
2014-11-10,BBBY,6.0,1
2014-11-10,PAYX,7.0,1
2014-11-10,AMGN,8.0,1
2014-11-10,BLK,9.0,1
2014-11-10,PETM,10.0,1
2014-11-10,CHRW,11.0,1
2014-11-10,LUV,12.0,1
2014-11-10,KMB,13.0,1
2014-11-10,CPB,14.0,1
2014-11-10,CL,15.0,1
2014-11-10,SWY,16.0,1
2014-11-10,ED,17.0,1
2014-11-10,BCR,18.0,1
2014-11-10,COV,19.0,1
2014-11-10,NTAP,20.0,1
2014-12-08,CLX,1.0,1
2014-12-08,MJN,2.0,1
2014-12-08,PETM,3.0,1
2014-12-08,BBBY,4.0,1
2014-12-08,MO,5.0,1
2014-12-08,SIAL,6.0,1
2014-12-08,PAYX,7.0,1
2014-12-08,EW,8.0,1
2014-12-08,BCR,9.0,1
2014-12-08,CHRW,10.0,1
2014-12-08,BLK,11.0,1
2014-12-08,COV,12.0,1
2014-12-08,ED,13.0,1
2014-12-08,CPB,14.0,1
2014-12-08,CL,15.0,1
2014-12-08,SO,16.0,1
2014-12-08,SWY,17.0,1
2014-12-08,K,18.0,1
2014-12-08,INTC,19.0,1
2014-12-08,FDO,20.0,1
2015-01-05,CLX,1.0,1
2015-01-05,ED,2.0,1
2015-01-05,SIAL,3.0,1
2015-01-05,KMB,4.0,1
2015-01-05,SO,5.0,1
2015-01-05,BBBY,6.0,1
2015-01-05,PAYX,7.0,1
2015-01-05,SYY,8.0,1
2015-01-05,PETM,9.0,1
2015-01-05,BLK,10.0,1
2015-01-05,FDO,11.0,1
2015-01-05,PDCO,12.0,1
2015-01-05,ROST,13.0,1
2015-01-05,SCG,14.0,1
2015-01-05,DGX,15.0,1
2015-01-05,PBCT,16.0,1
2015-01-05,SHW,17.0,1
2015-01-05,GPC,18.0,1
2015-01-05,CB,19.0,1
2015-01-05,BCR,20.0,1
2015-02-02,CLX,1.0,1
2015-02-02,ED,2.0,1
2015-02-02,CPB,3.0,1
2015-02-02,SO,4.0,1
2015-02-02,SIAL,5.0,1
2015-02-02,PETM,6.0,1
2015-02-02,SCG,7.0,1
2015-02-02,PAYX,8.0,1
2015-02-02,BLK,9.0,1
2015-02-02,KMB,10.0,1
2015-02-02,SYY,11.0,1
2015-02-02,K,12.0,1
2015-02-02,MO,13.0,1
2015-02-02,PDCO,14.0,1
2015-02-02,SHW,15.0,1
2015-02-02,LEG,16.0,1
2015-02-02,CAG,17.0,1
2015-02-02,ROST,18.0,1
2015-02-02,BBBY,19.0,1
2015-02-02,DGX,20.0,1
2015-03-02,CLX,1.0,1
2015-03-02,PAYX,2.0,1
2015-03-02,LEG,3.0,1
2015-03-02,SIAL,4.0,1
2015-03-02,CPB,5.0,1
2015-03-02,AGN,6.0,1
2015-03-02,CL,7.0,1
2015-03-02,ED,8.0,1
2015-03-02,SHW,9.0,1
2015-03-02,BLK,10.0,1
2015-03-02,DLTR,11.0,1
2015-03-02,KMB,12.0,1
2015-03-02,PETM,13.0,1
2015-03-02,DGX,14.0,1
2015-03-02,ROST,15.0,1
2015-03-02,WHR,16.0,1
2015-03-02,PDCO,17.0,1
2015-03-02,SO,18.0,1
2015-03-02,DRI,19.0,1
2015-03-02,VRSN,20.0,1
2015-03-30,CLX,1.0,1
2015-03-30,KRFT,2.0,1
2015-03-30,CPB,3.0,1
2015-03-30,LEG,4.0,1
2015-03-30,DGX,5.0,1
2015-03-30,DLTR,6.0,1
2015-03-30,PAYX,7.0,1
2015-03-30,ED,8.0,1
2015-03-30,K,9.0,1
2015-03-30,VRSN,10.0,1
2015-03-30,WAT,11.0,1
2015-03-30,ORLY,12.0,1
2015-03-30,KMB,13.0,1
2015-03-30,ROST,14.0,1
2015-03-30,SHW,15.0,1
2015-03-30,BLK,16.0,1
2015-03-30,SO,17.0,1
2015-03-30,CL,18.0,1
2015-03-30,PBCT,19.0,1
2015-03-30,LEN,20.0,1
2015-04-27,CLX,1.0,1
2015-04-27,KRFT,2.0,1
2015-04-27,NFLX,3.0,1
2015-04-27,CPB,4.0,1
2015-04-27,DLTR,5.0,1
2015-04-27,BLK,6.0,1
2015-04-27,DGX,7.0,1
2015-04-27,PAYX,8.0,1
2015-04-27,SHW,9.0,1
2015-04-27,LEG,10.0,1
2015-04-27,NTRS,11.0,1
2015-04-27,JNPR,12.0,1
2015-04-27,K,13.0,1
2015-04-27,VRSN,14.0,1
2015-04-27,CL,15.0,1
2015-04-27,IBM,16.0,1
2015-04-27,URBN,17.0,1
2015-04-27,PBCT,18.0,1
2015-04-27,DRI,19.0,1
2015-04-27,ORLY,20.0,1
2015-05-26,CLX,1.0,1
2015-05-26,NFLX,2.0,1
2015-05-26,KRFT,3.0,1
2015-05-26,NEM,4.0,1
2015-05-26,CPB,5.0,1
2015-05-26,DGX,6.0,1
2015-05-26,DE,7.0,1
2015-05-26,IBM,8.0,1
2015-05-26,LEG,9.0,1
2015-05-26,DO,10.0,1
2015-05-26,BLK,11.0,1
2015-05-26,PAYX,12.0,1
2015-05-26,JNPR,13.0,1
2015-05-26,EXPE,14.0,1
2015-05-26,CL,15.0,1
2015-05-26,NTRS,16.0,1
2015-05-26,ED,17.0,1
2015-05-26,WAT,18.0,1
2015-05-26,PBCT,19.0,1
2015-05-26,K,20.0,1
2015-06-22,NFLX,1.0,1
2015-06-22,AGN,2.0,1
2015-06-22,CLX,3.0,1
2015-06-22,CPB,4.0,1
2015-06-22,RIG,5.0,1
2015-06-22,KRFT,6.0,1
2015-06-22,CI,7.0,1
2015-06-22,PBCT,8.0,1
2015-06-22,CAG,9.0,1
2015-06-22,IBM,10.0,1
2015-06-22,LEG,11.0,1
2015-06-22,NTRS,12.0,1
2015-06-22,DE,13.0,1
2015-06-22,WAT,14.0,1
2015-06-22,YUM,15.0,1
2015-06-22,VRSN,16.0,1
2015-06-22,NEM,17.0,1
2015-06-22,PAYX,18.0,1
2015-06-22,K,19.0,1
2015-06-22,DGX,20.0,1
2015-07-20,CLX,1.0,1
2015-07-20,AGN,2.0,1
2015-07-20,NTRS,3.0,1
2015-07-20,RIG,4.0,1
2015-07-20,PBCT,5.0,1
2015-07-20,CPB,6.0,1
2015-07-20,AMZN,7.0,1
2015-07-20,IBM,8.0,1
2015-07-20,HAS,9.0,1
2015-07-20,DE,10.0,1
2015-07-20,VRSN,11.0,1
2015-07-20,WAT,12.0,1
2015-07-20,LEG,13.0,1
2015-07-20,CB,14.0,1
2015-07-20,BLK,15.0,1
2015-07-20,CL,16.0,1
2015-07-20,CI,17.0,1
2015-07-20,K,18.0,1
2015-07-20,PAYX,19.0,1
2015-07-20,MLM,20.0,1
2015-08-17,CLX,1.0,1
2015-08-17,AGN,2.0,1
2015-08-17,CPB,3.0,1
2015-08-17,K,4.0,1
2015-08-17,PBCT,5.0,1
2015-08-17,CAG,6.0,1
2015-08-17,CB,7.0,1
2015-08-17,ED,8.0,1
2015-08-17,DE,9.0,1
2015-08-17,VRSN,10.0,1
2015-08-17,SO,11.0,1
2015-08-17,GIS,12.0,1
2015-08-17,RIG,13.0,1
2015-08-17,KMB,14.0,1
2015-08-17,EXPE,15.0,1
2015-08-17,NTRS,16.0,1
2015-08-17,CL,17.0,1
2015-08-17,PAYX,18.0,1
2015-08-17,LEG,19.0,1
2015-08-17,IBM,20.0,1
2015-09-14,CLX,1.0,1
2015-09-14,RIG,2.0,1
2015-09-14,CPB,3.0,1
2015-09-14,AGN,4.0,1
2015-09-14,K,5.0,1
2015-09-14,ED,6.0,1
2015-09-14,SYY,7.0,1
2015-09-14,PBCT,8.0,1
2015-09-14,DO,9.0,1
2015-09-14,HAS,10.0,1
2015-09-14,VRSN,11.0,1
2015-09-14,CB,12.0,1
2015-09-14,CINF,13.0,1
2015-09-14,CAG,14.0,1
2015-09-14,SO,15.0,1
2015-09-14,KMB,16.0,1
2015-09-14,GIS,17.0,1
2015-09-14,IBM,18.0,1
2015-09-14,BRCM,19.0,1
2015-09-14,BCR,20.0,1
2015-10-12,CLX,1.0,1
2015-10-12,CPB,2.0,1
2015-10-12,ED,3.0,1
2015-10-12,RIG,4.0,1
2015-10-12,SYY,5.0,1
2015-10-12,PAYX,6.0,1
2015-10-12,PBCT,7.0,1
2015-10-12,K,8.0,1
2015-10-12,CB,9.0,1
2015-10-12,SO,10.0,1
2015-10-12,VRSN,11.0,1
2015-10-12,KMB,12.0,1
2015-10-12,CL,13.0,1
2015-10-12,AGN,14.0,1
2015-10-12,CINF,15.0,1
2015-10-12,EXPE,16.0,1
2015-10-12,JNPR,17.0,1
2015-10-12,NVDA,18.0,1
2015-10-12,HAS,19.0,1
2015-10-12,IBM,20.0,1
2015-11-09,CLX,1.0,1
2015-11-09,NVDA,2.0,1
2015-11-09,VRSN,3.0,1
2015-11-09,CPB,4.0,1
2015-11-09,PAYX,5.0,1
2015-11-09,SYY,6.0,1
2015-11-09,CB,7.0,1
2015-11-09,PBCT,8.0,1
2015-11-09,ED,9.0,1
2015-11-09,CINF,10.0,1
2015-11-09,K,11.0,1
2015-11-09,KMB,12.0,1
2015-11-09,SO,13.0,1
2015-11-09,AGN,14.0,1
2015-11-09,CL,15.0,1
2015-11-09,KLAC,16.0,1
2015-11-09,HRL,17.0,1
2015-11-09,BLK,18.0,1
2015-11-09,RIG,19.0,1
2015-11-09,SCG,20.0,1
2015-12-07,CLX,1.0,1
2015-12-07,VRSN,2.0,1
2015-12-07,CPB,3.0,1
2015-12-07,ED,4.0,1
2015-12-07,NVDA,5.0,1
2015-12-07,PAYX,6.0,1
2015-12-07,CB,7.0,1
2015-12-07,HRL,8.0,1
2015-12-07,KLAC,9.0,1
2015-12-07,CINF,10.0,1
2015-12-07,SYY,11.0,1
2015-12-07,SO,12.0,1
2015-12-07,KMB,13.0,1
2015-12-07,K,14.0,1
2015-12-07,CL,15.0,1
2015-12-07,PBCT,16.0,1
2015-12-07,AGN,17.0,1
2015-12-07,BLK,18.0,1
2015-12-07,DO,19.0,1
2015-12-07,NTAP,20.0,1
2016-01-04,CLX,1.0,1
2016-01-04,NVDA,2.0,1
2016-01-04,VRSN,3.0,1
2016-01-04,KLAC,4.0,1
2016-01-04,ED,5.0,1
2016-01-04,CPB,6.0,1
2016-01-04,PAYX,7.0,1
2016-01-04,SO,8.0,1
2016-01-04,SYY,9.0,1
2016-01-04,HRL,10.0,1
2016-01-04,FSLR,11.0,1
2016-01-04,K,12.0,1
2016-01-04,MCD,13.0,1
2016-01-04,RIG,14.0,1
2016-01-04,CINF,15.0,1
2016-01-04,DO,16.0,1
2016-01-04,MO,17.0,1
2016-01-04,PBCT,18.0,1
2016-01-04,UPS,19.0,1
2016-01-04,DLPH,20.0,1
2016-02-01,CLX,1.0,1
2016-02-01,KLAC,2.0,1
2016-02-01,CPB,3.0,1
2016-02-01,ED,4.0,1
2016-02-01,SYY,5.0,1
2016-02-01,NVDA,6.0,1
2016-02-01,SO,7.0,1
2016-02-01,FSLR,8.0,1
2016-02-01,PAYX,9.0,1
2016-02-01,VRSN,10.0,1
2016-02-01,HRL,11.0,1
2016-02-01,MCD,12.0,1
2016-02-01,K,13.0,1
2016-02-01,MO,14.0,1
2016-02-01,CINF,15.0,1
2016-02-01,NEM,16.0,1
2016-02-01,LLTC,17.0,1
2016-02-01,SCG,18.0,1
2016-02-01,DO,19.0,1
2016-02-01,XLNX,20.0,1
2016-02-29,CLX,1.0,1
2016-02-29,KLAC,2.0,1
2016-02-29,CPB,3.0,1
2016-02-29,NEM,4.0,1
2016-02-29,VRSN,5.0,1
2016-02-29,PAYX,6.0,1
2016-02-29,ED,7.0,1
2016-02-29,CINF,8.0,1
2016-02-29,SO,9.0,1
2016-02-29,NVDA,10.0,1
2016-02-29,FSLR,11.0,1
2016-02-29,SYY,12.0,1
2016-02-29,FAST,13.0,1
2016-02-29,MO,14.0,1
2016-02-29,MAT,15.0,1
2016-02-29,LLTC,16.0,1
2016-02-29,EMR,17.0,1
2016-02-29,PBCT,18.0,1
2016-02-29,BLK,19.0,1
2016-02-29,K,20.0,1
2016-03-28,CLX,1.0,1
2016-03-28,KLAC,2.0,1
2016-03-28,CPB,3.0,1
2016-03-28,VRSN,4.0,1
2016-03-28,NEM,5.0,1
2016-03-28,PAYX,6.0,1
2016-03-28,DO,7.0,1
2016-03-28,EMR,8.0,1
2016-03-28,ED,9.0,1
2016-03-28,NVDA,10.0,1
2016-03-28,FSLR,11.0,1
2016-03-28,FAST,12.0,1
2016-03-28,SO,13.0,1
2016-03-28,CINF,14.0,1
2016-03-28,HOT,15.0,1
2016-03-28,CAT,16.0,1
2016-03-28,BLK,17.0,1
2016-03-28,ROK,18.0,1
2016-03-28,SYY,19.0,1
2016-03-28,UPS,20.0,1
2016-04-25,CLX,1.0,1
2016-04-25,NEM,2.0,1
2016-04-25,CPB,3.0,1
2016-04-25,VRSN,4.0,1
2016-04-25,DO,5.0,1
2016-04-25,MUR,6.0,1
2016-04-25,BAX,7.0,1
2016-04-25,EMR,8.0,1
2016-04-25,DGX,9.0,1
2016-04-25,BLK,10.0,1
2016-04-25,ED,11.0,1
2016-04-25,YUM,12.0,1
2016-04-25,KLAC,13.0,1
2016-04-25,FAST,14.0,1
2016-04-25,CPGX,15.0,1
2016-04-25,ABBV,16.0,1
2016-04-25,ROK,17.0,1
2016-04-25,WMT,18.0,1
2016-04-25,CAT,19.0,1
2016-04-25,PAYX,20.0,1
2016-05-23,CLX,1.0,1
2016-05-23,NEM,2.0,1
2016-05-23,OKE,3.0,1
2016-05-23,CPB,4.0,1
2016-05-23,ED,5.0,1
2016-05-23,CPGX,6.0,1
2016-05-23,DO,7.0,1
2016-05-23,YUM,8.0,1
2016-05-23,NVDA,9.0,1
2016-05-23,ROK,10.0,1
2016-05-23,IBM,11.0,1
2016-05-23,KLAC,12.0,1
2016-05-23,WMT,13.0,1
2016-05-23,SYY,14.0,1
2016-05-23,SO,15.0,1
2016-05-23,GWW,16.0,1
2016-05-23,CINF,17.0,1
2016-05-23,PAYX,18.0,1
2016-05-23,PBCT,19.0,1
2016-05-23,MO,20.0,1
2016-06-20,OKE,1.0,1
2016-06-20,SWN,2.0,1
2016-06-20,CLX,3.0,1
2016-06-20,NEM,4.0,1
2016-06-20,MUR,5.0,1
2016-06-20,FCX,6.0,1
2016-06-20,ED,7.0,1
2016-06-20,ROK,8.0,1
2016-06-20,CPB,9.0,1
2016-06-20,DO,10.0,1
2016-06-20,PAYX,11.0,1
2016-06-20,IBM,12.0,1
2016-06-20,YUM,13.0,1
2016-06-20,KLAC,14.0,1
2016-06-20,EMR,15.0,1
2016-06-20,CAT,16.0,1
2016-06-20,PBCT,17.0,1
2016-06-20,HOT,18.0,1
2016-06-20,VRSN,19.0,1
2016-06-20,PH,20.0,1
2016-07-18,FCX,1.0,1
2016-07-18,OKE,2.0,1
2016-07-18,NEM,3.0,1
2016-07-18,MUR,4.0,1
2016-07-18,CLX,5.0,1
2016-07-18,DO,6.0,1
2016-07-18,NVDA,7.0,1
2016-07-18,RIG,8.0,1
2016-07-18,PAYX,9.0,1
2016-07-18,ROK,10.0,1
2016-07-18,SWN,11.0,1
2016-07-18,HSY,12.0,1
2016-07-18,CPB,13.0,1
2016-07-18,ED,14.0,1
2016-07-18,HP,15.0,1
2016-07-18,YUM,16.0,1
2016-07-18,HOT,17.0,1
2016-07-18,IBM,18.0,1
2016-07-18,KLAC,19.0,1
2016-07-18,UPS,20.0,1
2016-08-15,OKE,1.0,1
2016-08-15,NVDA,2.0,1
2016-08-15,MUR,3.0,1
2016-08-15,NEM,4.0,1
2016-08-15,CLX,5.0,1
2016-08-15,GRMN,6.0,1
2016-08-15,RIG,7.0,1
2016-08-15,FCX,8.0,1
2016-08-15,IBM,9.0,1
2016-08-15,PAYX,10.0,1
2016-08-15,LLTC,11.0,1
2016-08-15,NTAP,12.0,1
2016-08-15,DNB,13.0,1
2016-08-15,YUM,14.0,1
2016-08-15,HSY,15.0,1
2016-08-15,DGX,16.0,1
2016-08-15,ROK,17.0,1
2016-08-15,WMB,18.0,1
2016-08-15,CAT,19.0,1
2016-08-15,FFIV,20.0,1
2016-09-12,OKE,1.0,1
2016-09-12,NVDA,2.0,1
2016-09-12,SWN,3.0,1
2016-09-12,CLX,4.0,1
2016-09-12,WMB,5.0,1
2016-09-12,NTAP,6.0,1
2016-09-12,LLTC,7.0,1
2016-09-12,PAYX,8.0,1
2016-09-12,NEM,9.0,1
2016-09-12,DNB,10.0,1
2016-09-12,GRMN,11.0,1
2016-09-12,BLK,12.0,1
2016-09-12,IBM,13.0,1
2016-09-12,AFL,14.0,1
2016-09-12,ROK,15.0,1
2016-09-12,ED,16.0,1
2016-09-12,YUM,17.0,1
2016-09-12,PBCT,18.0,1
2016-09-12,CINF,19.0,1
2016-09-12,LEG,20.0,1
2016-10-10,AA,1.0,1
2016-10-10,OKE,2.0,1
2016-10-10,NVDA,3.0,1
2016-10-10,CLX,4.0,1
2016-10-10,NTAP,5.0,1
2016-10-10,LLTC,6.0,1
2016-10-10,RIG,7.0,1
2016-10-10,GRMN,8.0,1
2016-10-10,PAYX,9.0,1
2016-10-10,TDC,10.0,1
2016-10-10,WMB,11.0,1
2016-10-10,CAT,12.0,1
2016-10-10,IBM,13.0,1
2016-10-10,PBCT,14.0,1
2016-10-10,FFIV,15.0,1
2016-10-10,HSY,16.0,1
2016-10-10,UPS,17.0,1
2016-10-10,ROK,18.0,1
2016-10-10,BLK,19.0,1
2016-10-10,DE,20.0,1
2016-11-07,NVDA,1.0,1
2016-11-07,LLTC,2.0,1
2016-11-07,NTAP,3.0,1
2016-11-07,OKE,4.0,1
2016-11-07,GRMN,5.0,1
2016-11-07,FFIV,6.0,1
2016-11-07,PBCT,7.0,1
2016-11-07,CLX,8.0,1
2016-11-07,HSY,9.0,1
2016-11-07,PAYX,10.0,1
2016-11-07,NFLX,11.0,1
2016-11-07,WDC,12.0,1
2016-11-07,WMB,13.0,1
2016-11-07,ROK,14.0,1
2016-11-07,CAT,15.0,1
2016-11-07,UPS,16.0,1
2016-11-07,FITB,17.0,1
2016-11-07,IBM,18.0,1
2016-11-07,KLAC,19.0,1
2016-11-07,ED,20.0,1
2016-12-05,NVDA,1.0,1
2016-12-05,NTAP,2.0,1
2016-12-05,PBCT,3.0,1
2016-12-05,LLTC,4.0,1
2016-12-05,RIG,5.0,1
2016-12-05,OKE,6.0,1
2016-12-05,FITB,7.0,1
2016-12-05,GRMN,8.0,1
2016-12-05,LNC,9.0,1
2016-12-05,CLX,10.0,1
2016-12-05,KSS,11.0,1
2016-12-05,UAL,12.0,1
2016-12-05,PAYX,13.0,1
2016-12-05,UPS,14.0,1
2016-12-05,CAT,15.0,1
2016-12-05,ZION,16.0,1
2016-12-05,ROK,17.0,1
2016-12-05,CSX,18.0,1
2016-12-05,EMR,19.0,1
2016-12-05,PRU,20.0,1
2017-01-03,NVDA,1.0,1
2017-01-03,PBCT,2.0,1
2017-01-03,ZION,3.0,1
2017-01-03,LNC,4.0,1
2017-01-03,NTAP,5.0,1
2017-01-03,FITB,6.0,1
2017-01-03,UNM,7.0,1
2017-01-03,UAL,8.0,1
2017-01-03,LLTC,9.0,1
2017-01-03,OKE,10.0,1
2017-01-03,RIG,11.0,1
2017-01-03,CLX,12.0,1
2017-01-03,ROK,13.0,1
2017-01-03,NTRS,14.0,1
2017-01-03,HBAN,15.0,1
2017-01-03,GRMN,16.0,1
2017-01-03,PAYX,17.0,1
2017-01-03,UPS,18.0,1
2017-01-03,BWA,19.0,1
2017-01-03,PRU,20.0,1
2017-01-30,NVDA,1.0,1
2017-01-30,NTAP,2.0,1
2017-01-30,UNM,3.0,1
2017-01-30,CSX,4.0,1
2017-01-30,OKE,5.0,1
2017-01-30,LNC,6.0,1
2017-01-30,ROK,7.0,1
2017-01-30,PBCT,8.0,1
2017-01-30,RIG,9.0,1
2017-01-30,CLX,10.0,1
2017-01-30,FITB,11.0,1
2017-01-30,UAL,12.0,1
2017-01-30,UPS,13.0,1
2017-01-30,DE,14.0,1
2017-01-30,NFLX,15.0,1
2017-01-30,ZION,16.0,1
2017-01-30,EXPD,17.0,1
2017-01-30,CPB,18.0,1
2017-01-30,HBAN,19.0,1
2017-01-30,GWW,20.0,1
2017-02-27,RIG,1.0,1
2017-02-27,NVDA,2.0,1
2017-02-27,CSX,3.0,1
2017-02-27,CLX,4.0,1
2017-02-27,FITB,5.0,1
2017-02-27,UNM,6.0,1
2017-02-27,UAL,7.0,1
2017-02-27,PBCT,8.0,1
2017-02-27,KLAC,9.0,1
2017-02-27,ROK,10.0,1
2017-02-27,OKE,11.0,1
2017-02-27,LNC,12.0,1
2017-02-27,BA,13.0,1
2017-02-27,HBAN,14.0,1
2017-02-27,ZION,15.0,1
2017-02-27,VRSN,16.0,1
2017-02-27,PRU,17.0,1
2017-02-27,EXPD,18.0,1
2017-02-27,NTRS,19.0,1
2017-02-27,IBM,20.0,1
2017-03-27,AMD,1.0,1
2017-03-27,CLX,2.0,1
2017-03-27,RIG,3.0,1
2017-03-27,VRSN,4.0,1
2017-03-27,UPS,5.0,1
2017-03-27,KLAC,6.0,1
2017-03-27,CPB,7.0,1
2017-03-27,ROK,8.0,1
2017-03-27,PBCT,9.0,1
2017-03-27,EXPD,10.0,1
2017-03-27,OKE,11.0,1
2017-03-27,UNM,12.0,1
2017-03-27,IBM,13.0,1
2017-03-27,PAYX,14.0,1
2017-03-27,NVDA,15.0,1
2017-03-27,BA,16.0,1
2017-03-27,CHRW,17.0,1
2017-03-27,ED,18.0,1
2017-03-27,FITB,19.0,1
2017-03-27,HSY,20.0,1
2017-04-24,AMD,1.0,1
2017-04-24,CLX,2.0,1
2017-04-24,CPB,3.0,1
2017-04-24,KLAC,4.0,1
2017-04-24,ROK,5.0,1
2017-04-24,EXPD,6.0,1
2017-04-24,UPS,7.0,1
2017-04-24,PBCT,8.0,1
2017-04-24,CHRW,9.0,1
2017-04-24,UNM,10.0,1
2017-04-24,ED,11.0,1
2017-04-24,IBM,12.0,1
2017-04-24,RIG,13.0,1
2017-04-24,MO,14.0,1
2017-04-24,PAYX,15.0,1
2017-04-24,BA,16.0,1
2017-04-24,LVLT,17.0,1
2017-04-24,NVDA,18.0,1
2017-04-24,TDC,19.0,1
2017-04-24,EMR,20.0,1
2017-05-22,AMD,1.0,1
2017-05-22,CLX,2.0,1
2017-05-22,BCR,3.0,1
2017-05-22,KLAC,4.0,1
2017-05-22,ED,5.0,1
2017-05-22,NVDA,6.0,1
2017-05-22,CPB,7.0,1
2017-05-22,ROK,8.0,1
2017-05-22,MO,9.0,1
2017-05-22,XLNX,10.0,1
2017-05-22,BA,11.0,1
2017-05-22,QRVO,12.0,1
2017-05-22,DUK,13.0,1
2017-05-22,HRB,14.0,1
2017-05-22,DE,15.0,1
2017-05-22,PAYX,16.0,1
2017-05-22,SO,17.0,1
2017-05-22,CMG,18.0,1
2017-05-22,ILMN,19.0,1
2017-05-22,UPS,20.0,1
2017-06-19,XRX,1.0,1
2017-06-19,AMD,2.0,1
2017-06-19,CLX,3.0,1
2017-06-19,ED,4.0,1
2017-06-19,BCR,5.0,1
2017-06-19,HRB,6.0,1
2017-06-19,KLAC,7.0,1
2017-06-19,NVDA,8.0,1
2017-06-19,ROK,9.0,1
2017-06-19,UPS,10.0,1
2017-06-19,DUK,11.0,1
2017-06-19,MO,12.0,1
2017-06-19,CPB,13.0,1
2017-06-19,VRSN,14.0,1
2017-06-19,BA,15.0,1
2017-06-19,PAYX,16.0,1
2017-06-19,SO,17.0,1
2017-06-19,SHW,18.0,1
2017-06-19,GRMN,19.0,1
2017-06-19,EXPD,20.0,1
2017-07-17,XRX,1.0,1
2017-07-17,AMD,2.0,1
2017-07-17,CLX,3.0,1
2017-07-17,ED,4.0,1
2017-07-17,UPS,5.0,1
2017-07-17,HRB,6.0,1
2017-07-17,BCR,7.0,1
2017-07-17,ROK,8.0,1
2017-07-17,VRSN,9.0,1
2017-07-17,NVDA,10.0,1
2017-07-17,EXPD,11.0,1
2017-07-17,BA,12.0,1
2017-07-17,DUK,13.0,1
2017-07-17,CPB,14.0,1
2017-07-17,KLAC,15.0,1
2017-07-17,GRMN,16.0,1
2017-07-17,ABBV,17.0,1
2017-07-17,IBM,18.0,1
2017-07-17,CHRW,19.0,1
2017-07-17,PAYX,20.0,1
2017-08-14,XRX,1.0,1
2017-08-14,AMD,2.0,1
2017-08-14,HRB,3.0,1
2017-08-14,CLX,4.0,1
2017-08-14,UPS,5.0,1
2017-08-14,ED,6.0,1
2017-08-14,BCR,7.0,1
2017-08-14,VRSN,8.0,1
2017-08-14,BA,9.0,1
2017-08-14,ROK,10.0,1
2017-08-14,CPB,11.0,1
2017-08-14,PAYX,12.0,1
2017-08-14,INTU,13.0,1
2017-08-14,NVDA,14.0,1
2017-08-14,GIS,15.0,1
2017-08-14,EXPD,16.0,1
2017-08-14,DUK,17.0,1
2017-08-14,CINF,18.0,1
2017-08-14,GRMN,19.0,1
2017-08-14,ABBV,20.0,1
2017-09-11,XRX,1.0,1
2017-09-11,AMD,2.0,1
2017-09-11,ED,3.0,1
2017-09-11,UPS,4.0,1
2017-09-11,CLX,5.0,1
2017-09-11,NVDA,6.0,1
2017-09-11,VRSN,7.0,1
2017-09-11,ABBV,8.0,1
2017-09-11,BCR,9.0,1
2017-09-11,PAYX,10.0,1
2017-09-11,ROK,11.0,1
2017-09-11,YUM,12.0,1
2017-09-11,CPB,13.0,1
2017-09-11,HRB,14.0,1
2017-09-11,GIS,15.0,1
2017-09-11,INTU,16.0,1
2017-09-11,DUK,17.0,1
2017-09-11,EXPD,18.0,1
2017-09-11,EQR,19.0,1
2017-09-11,CHRW,20.0,1
2017-10-09,XRX,1.0,1
2017-10-09,NVDA,2.0,1
2017-10-09,UPS,3.0,1
2017-10-09,ABBV,4.0,1
2017-10-09,ED,5.0,1
2017-10-09,VRSN,6.0,1
2017-10-09,ROK,7.0,1
2017-10-09,CLX,8.0,1
2017-10-09,BCR,9.0,1
2017-10-09,PAYX,10.0,1
2017-10-09,EXPD,11.0,1
2017-10-09,YUM,12.0,1
2017-10-09,XLNX,13.0,1
2017-10-09,PBCT,14.0,1
2017-10-09,GRMN,15.0,1
2017-10-09,HRB,16.0,1
2017-10-09,CPB,17.0,1
2017-10-09,BWA,18.0,1
2017-10-09,INTU,19.0,1
2017-10-09,CHRW,20.0,1
2017-11-06,XRX,1.0,1
2017-11-06,NVDA,2.0,1
2017-11-06,ED,3.0,1
2017-11-06,UPS,4.0,1
2017-11-06,ROK,5.0,1
2017-11-06,ABBV,6.0,1
2017-11-06,VRSN,7.0,1
2017-11-06,GWW,8.0,1
2017-11-06,CLX,9.0,1
2017-11-06,PAYX,10.0,1
2017-11-06,GRMN,11.0,1
2017-11-06,FITB,12.0,1
2017-11-06,EXPD,13.0,1
2017-11-06,PBCT,14.0,1
2017-11-06,HP,15.0,1
2017-11-06,IBM,16.0,1
2017-11-06,CHRW,17.0,1
2017-11-06,AFL,18.0,1
2017-11-06,DUK,19.0,1
2017-11-06,F,20.0,1
2017-12-04,XRX,1.0,1
2017-12-04,GWW,2.0,1
2017-12-04,UPS,3.0,1
2017-12-04,FITB,4.0,1
2017-12-04,CLX,5.0,1
2017-12-04,ED,6.0,1
2017-12-04,CHRW,7.0,1
2017-12-04,EXPD,8.0,1
2017-12-04,PHM,9.0,1
2017-12-04,ABBV,10.0,1
2017-12-04,ROK,11.0,1
2017-12-04,PAYX,12.0,1
2017-12-04,PBCT,13.0,1
2017-12-04,VRSN,14.0,1
2017-12-04,UNM,15.0,1
2017-12-04,HP,16.0,1
2017-12-04,GRMN,17.0,1
2017-12-04,CPB,18.0,1
2017-12-04,GIS,19.0,1
2017-12-04,KSS,20.0,1
2018-01-02,UPS,1.0,1
2018-01-02,GWW,2.0,1
2018-01-02,CHRW,3.0,1
2018-01-02,HP,4.0,1
2018-01-02,CAT,5.0,1
2018-01-02,KSS,6.0,1
2018-01-02,ABBV,7.0,1
2018-01-02,PHM,8.0,1
2018-01-02,CLX,9.0,1
2018-01-02,PAYX,10.0,1
2018-01-02,BA,11.0,1
2018-01-02,GRMN,12.0,1
2018-01-02,ROK,13.0,1
2018-01-02,EXPD,14.0,1
2018-01-02,ED,15.0,1
2018-01-02,TSCO,16.0,1
2018-01-02,VRSN,17.0,1
2018-01-02,NTAP,18.0,1
2018-01-02,GIS,19.0,1
2018-01-02,FCX,20.0,1
2018-01-29,GWW,1.0,1
2018-01-29,ABBV,2.0,1
2018-01-29,HP,3.0,1
2018-01-29,UPS,4.0,1
2018-01-29,CHRW,5.0,1
2018-01-29,KSS,6.0,1
2018-01-29,GRMN,7.0,1
2018-01-29,PAYX,8.0,1
2018-01-29,FITB,9.0,1
2018-01-29,EXPD,10.0,1
2018-01-29,GPC,11.0,1
2018-01-29,PHM,12.0,1
2018-01-29,ROK,13.0,1
2018-01-29,PBCT,14.0,1
2018-01-29,CLX,15.0,1
2018-01-29,TSCO,16.0,1
2018-01-29,MMM,17.0,1
2018-01-29,NTAP,18.0,1
2018-01-29,VLO,19.0,1
2018-01-29,VAR,20.0,1
2018-02-26,HD,1.0,1
2018-02-26,GWW,2.0,1
2018-02-26,ABBV,3.0,1
2018-02-26,HP,4.0,1
2018-02-26,KSS,5.0,1
2018-02-26,EXPD,6.0,1
2018-02-26,CHRW,7.0,1
2018-02-26,NFLX,8.0,1
2018-02-26,PAYX,9.0,1
2018-02-26,FITB,10.0,1
2018-02-26,PBCT,11.0,1
2018-02-26,GRMN,12.0,1
2018-02-26,NTAP,13.0,1
2018-02-26,AKAM,14.0,1
2018-02-26,BA,15.0,1
2018-02-26,VIAB,16.0,1
2018-02-26,VRSN,17.0,1
2018-02-26,UPS,18.0,1
2018-02-26,ROK,19.0,1
2018-02-26,NVDA,20.0,1
2018-03-26,HD,1.0,1
2018-03-26,GWW,2.0,1
2018-03-26,HP,3.0,1
2018-03-26,NFLX,4.0,1
2018-03-26,NTAP,5.0,1
2018-03-26,EXPD,6.0,1
2018-03-26,FITB,7.0,1
2018-03-26,VRSN,8.0,1
2018-03-26,AKAM,9.0,1
2018-03-26,CHRW,10.0,1
2018-03-26,GRMN,11.0,1
2018-03-26,PBCT,12.0,1
2018-03-26,FFIV,13.0,1
2018-03-26,CLX,14.0,1
2018-03-26,ED,15.0,1
2018-03-26,PAYX,16.0,1
2018-03-26,KSS,17.0,1
2018-03-26,CPB,18.0,1
2018-03-26,NVDA,19.0,1
2018-03-26,YUM,20.0,1
2018-04-23,HD,1.0,1
2018-04-23,HP,2.0,1
2018-04-23,GWW,3.0,1
2018-04-23,NFLX,4.0,1
2018-04-23,NTAP,5.0,1
2018-04-23,EXPD,6.0,1
2018-04-23,FFIV,7.0,1
2018-04-23,VRSN,8.0,1
2018-04-23,FITB,9.0,1
2018-04-23,VLO,10.0,1
2018-04-23,ESRX,11.0,1
2018-04-23,YUM,12.0,1
2018-04-23,AKAM,13.0,1
2018-04-23,CHRW,14.0,1
2018-04-23,VIAB,15.0,1
2018-04-23,GRMN,16.0,1
2018-04-23,ED,17.0,1
2018-04-23,UPS,18.0,1
2018-04-23,CPB,19.0,1
2018-04-23,KSS,20.0,1
2018-05-21,HD,1.0,1
2018-05-21,GWW,2.0,1
2018-05-21,CMG,3.0,1
2018-05-21,NFLX,4.0,1
2018-05-21,HP,5.0,1
2018-05-21,EXPD,6.0,1
2018-05-21,FFIV,7.0,1
2018-05-21,KSS,8.0,1
2018-05-21,HRB,9.0,1
2018-05-21,VLO,10.0,1
2018-05-21,UPS,11.0,1
2018-05-21,VRSN,12.0,1
2018-05-21,IPG,13.0,1
2018-05-21,GPC,14.0,1
2018-05-21,OKE,15.0,1
2018-05-21,FITB,16.0,1
2018-05-21,CTXS,17.0,1
2018-05-21,AKAM,18.0,1
2018-05-21,VIAB,19.0,1
2018-05-21,CLX,20.0,1
2018-06-18,NFLX,1.0,1
2018-06-18,HD,2.0,1
2018-06-18,GWW,3.0,1
2018-06-18,CMG,4.0,1
2018-06-18,EXPD,5.0,1
2018-06-18,VRSN,6.0,1
2018-06-18,FFIV,7.0,1
2018-06-18,KSS,8.0,1
2018-06-18,INTU,9.0,1
2018-06-18,AKAM,10.0,1
2018-06-18,UPS,11.0,1
2018-06-18,QRVO,12.0,1
2018-06-18,HP,13.0,1
2018-06-18,NVDA,14.0,1
2018-06-18,CTXS,15.0,1
2018-06-18,GRMN,16.0,1
2018-06-18,CLX,17.0,1
2018-06-18,OKE,18.0,1
2018-06-18,GPC,19.0,1
2018-06-18,PAYX,20.0,1
2018-07-16,NFLX,1.0,1
2018-07-16,HD,2.0,1
2018-07-16,VRSN,3.0,1
2018-07-16,GWW,4.0,1
2018-07-16,CMG,5.0,1
2018-07-16,EXPD,6.0,1
2018-07-16,INTU,7.0,1
2018-07-16,ED,8.0,1
2018-07-16,FFIV,9.0,1
2018-07-16,CLX,10.0,1
2018-07-16,CTXS,11.0,1
2018-07-16,SO,12.0,1
2018-07-16,PAYX,13.0,1
2018-07-16,GRMN,14.0,1
2018-07-16,CPB,15.0,1
2018-07-16,HRB,16.0,1
2018-07-16,SCG,17.0,1
2018-07-16,K,18.0,1
2018-07-16,NTAP,19.0,1
2018-07-16,OKE,20.0,1
2018-08-13,CMG,1.0,1
2018-08-13,HD,2.0,1
2018-08-13,VRSN,3.0,1
2018-08-13,CLX,4.0,1
2018-08-13,GWW,5.0,1
2018-08-13,EXPD,6.0,1
2018-08-13,UPS,7.0,1
2018-08-13,FFIV,8.0,1
2018-08-13,ED,9.0,1
2018-08-13,HRB,10.0,1
2018-08-13,SCG,11.0,1
2018-08-13,CTXS,12.0,1
2018-08-13,PAYX,13.0,1
2018-08-13,CTAS,14.0,1
2018-08-13,AMD,15.0,1
2018-08-13,INTU,16.0,1
2018-08-13,HSY,17.0,1
2018-08-13,EQR,18.0,1
2018-08-13,LLY,19.0,1
2018-08-13,GRMN,20.0,1
2018-09-10,AMD,1.0,1
2018-09-10,HD,2.0,1
2018-09-10,CLX,3.0,1
2018-09-10,VRSN,4.0,1
2018-09-10,CMG,5.0,1
2018-09-10,EXPD,6.0,1
2018-09-10,GWW,7.0,1
2018-09-10,UPS,8.0,1
2018-09-10,ED,9.0,1
2018-09-10,SO,10.0,1
2018-09-10,FFIV,11.0,1
2018-09-10,PAYX,12.0,1
2018-09-10,GRMN,13.0,1
2018-09-10,HSY,14.0,1
2018-09-10,SCG,15.0,1
2018-09-10,TSCO,16.0,1
2018-09-10,GPC,17.0,1
2018-09-10,HRB,18.0,1
2018-09-10,CINF,19.0,1
2018-09-10,HRL,20.0,1
2018-10-08,AMD,1.0,1
2018-10-08,HD,2.0,1
2018-10-08,CLX,3.0,1
2018-10-08,SCG,4.0,1
2018-10-08,VRSN,5.0,1
2018-10-08,EXPD,6.0,1
2018-10-08,ESRX,7.0,1
2018-10-08,CMG,8.0,1
2018-10-08,PAYX,9.0,1
2018-10-08,HSY,10.0,1
2018-10-08,UPS,11.0,1
2018-10-08,GWW,12.0,1
2018-10-08,HRB,13.0,1
2018-10-08,ED,14.0,1
2018-10-08,GRMN,15.0,1
2018-10-08,LLY,16.0,1
2018-10-08,SO,17.0,1
2018-10-08,TSCO,18.0,1
2018-10-08,NSC,19.0,1
2018-10-08,FFIV,20.0,1
2018-11-05,CLX,1.0,1
2018-11-05,HD,2.0,1
2018-11-05,VRSN,3.0,1
2018-11-05,ESRX,4.0,1
2018-11-05,HSY,5.0,1
2018-11-05,AMD,6.0,1
2018-11-05,HRL,7.0,1
2018-11-05,GRMN,8.0,1
2018-11-05,PG,9.0,1
2018-11-05,CINF,10.0,1
2018-11-05,TSCO,11.0,1
2018-11-05,SO,12.0,1
2018-11-05,ED,13.0,1
2018-11-05,CPB,14.0,1
2018-11-05,HRB,15.0,1
2018-11-05,MO,16.0,1
2018-11-05,PAYX,17.0,1
2018-11-05,LLY,18.0,1
2018-11-05,GPC,19.0,1
2018-11-05,PFE,20.0,1
2018-12-03,CLX,1.0,1
2018-12-03,HD,2.0,1
2018-12-03,CPB,3.0,1
2018-12-03,HSY,4.0,1
2018-12-03,ESRX,5.0,1
2018-12-03,SCG,6.0,1
2018-12-03,SO,7.0,1
2018-12-03,CINF,8.0,1
2018-12-03,HRL,9.0,1
2018-12-03,ED,10.0,1
2018-12-03,GRMN,11.0,1
2018-12-03,HRB,12.0,1
2018-12-03,PFE,13.0,1
2018-12-03,PG,14.0,1
2018-12-03,GPC,15.0,1
2018-12-03,UAL,16.0,1
2018-12-03,UPS,17.0,1
2018-12-03,LLY,18.0,1
2018-12-03,DTE,19.0,1
2018-12-03,PAYX,20.0,1
2018-12-31,BA,1.0,1
2018-12-31,RHT,2.0,1
2018-12-31,CINF,3.0,1
2018-12-31,CLX,4.0,1
2018-12-31,HRL,5.0,1
2018-12-31,HSY,6.0,1
2018-12-31,ED,7.0,1
2018-12-31,SO,8.0,1
2018-12-31,LLY,9.0,1
2018-12-31,GRMN,10.0,1
2018-12-31,HRB,11.0,1
2018-12-31,SCG,12.0,1
2018-12-31,PFE,13.0,1
2018-12-31,AMD,14.0,1
2018-12-31,GPC,15.0,1
2018-12-31,CPB,16.0,1
2018-12-31,XLNX,17.0,1
2018-12-31,SBUX,18.0,1
2018-12-31,EXPD,19.0,1
2018-12-31,KMB,20.0,1
2019-01-28,BA,1.0,1
2019-01-28,XLNX,2.0,1
2019-01-28,RHT,3.0,1
2019-01-28,HRL,4.0,1
2019-01-28,CLX,5.0,1
2019-01-28,CINF,6.0,1
2019-01-28,WAT,7.0,1
2019-01-28,SO,8.0,1
2019-01-28,GRMN,9.0,1
2019-01-28,SBUX,10.0,1
2019-01-28,CMG,11.0,1
2019-01-28,ED,12.0,1
2019-01-28,CPB,13.0,1
2019-01-28,EQR,14.0,1
2019-01-28,AIV,15.0,1
2019-01-28,AFL,16.0,1
2019-01-28,BK,17.0,1
2019-01-28,HSY,18.0,1
2019-01-28,LLY,19.0,1
2019-01-28,MTD,20.0,1
2019-02-25,BA,1.0,1
2019-02-25,XLNX,2.0,1
2019-02-25,GRMN,3.0,1
2019-02-25,RHT,4.0,1
2019-02-25,WAT,5.0,1
2019-02-25,MTD,6.0,1
2019-02-25,SO,7.0,1
2019-02-25,ED,8.0,1
2019-02-25,CINF,9.0,1
2019-02-25,HRL,10.0,1
2019-02-25,CLX,11.0,1
2019-02-25,SBUX,12.0,1
2019-02-25,WHR,13.0,1
2019-02-25,ITW,14.0,1
2019-02-25,SJM,15.0,1
2019-02-25,HSY,16.0,1
2019-02-25,INTC,17.0,1
2019-02-25,EXPD,18.0,1
2019-02-25,ROK,19.0,1
2019-02-25,EQR,20.0,1
2019-03-25,BA,1.0,1
2019-03-25,RHT,2.0,1
2019-03-25,XLNX,3.0,1
2019-03-25,GRMN,4.0,1
2019-03-25,SO,5.0,1
2019-03-25,CMG,6.0,1
2019-03-25,WAT,7.0,1
2019-03-25,ED,8.0,1
2019-03-25,SJM,9.0,1
2019-03-25,CPB,10.0,1
2019-03-25,MTD,11.0,1
2019-03-25,HRL,12.0,1
2019-03-25,PHM,13.0,1
2019-03-25,CLX,14.0,1
2019-03-25,CINF,15.0,1
2019-03-25,XRAY,16.0,1
2019-03-25,DTE,17.0,1
2019-03-25,SBUX,18.0,1
2019-03-25,HSY,19.0,1
2019-03-25,WHR,20.0,1
2019-04-22,BA,1.0,1
2019-04-22,CMG,2.0,1
2019-04-22,XLNX,3.0,1
2019-04-22,RHT,4.0,1
2019-04-22,GRMN,5.0,1
2019-04-22,PHM,6.0,1
2019-04-22,MTD,7.0,1
2019-04-22,CPB,8.0,1
2019-04-22,WAT,9.0,1
2019-04-22,WHR,10.0,1
2019-04-22,ED,11.0,1
2019-04-22,SO,12.0,1
2019-04-22,SJM,13.0,1
2019-04-22,ITW,14.0,1
2019-04-22,EXPD,15.0,1
2019-04-22,INTC,16.0,1
2019-04-22,FAST,17.0,1
2019-04-22,PAYX,18.0,1
2019-04-22,CINF,19.0,1
2019-04-22,AZO,20.0,1
2019-05-20,BA,1.0,1
2019-05-20,COTY,2.0,1
2019-05-20,CMG,3.0,1
2019-05-20,CELG,4.0,1
2019-05-20,PHM,5.0,1
2019-05-20,MTD,6.0,1
2019-05-20,GRMN,7.0,1
2019-05-20,PAYX,8.0,1
2019-05-20,SJM,9.0,1
2019-05-20,CINF,10.0,1
2019-05-20,SO,11.0,1
2019-05-20,ED,12.0,1
2019-05-20,CPB,13.0,1
2019-05-20,XRAY,14.0,1
2019-05-20,HSY,15.0,1
2019-05-20,AFL,16.0,1
2019-05-20,PCAR,17.0,1
2019-05-20,ITW,18.0,1
2019-05-20,AMD,19.0,1
2019-05-20,QCOM,20.0,1
2019-06-17,COTY,1.0,1
2019-06-17,BA,2.0,1
2019-06-17,CMG,3.0,1
2019-06-17,MTD,4.0,1
2019-06-17,CELG,5.0,1
2019-06-17,SJM,6.0,1
2019-06-17,CINF,7.0,1
2019-06-17,GRMN,8.0,1
2019-06-17,PHM,9.0,1
2019-06-17,CPB,10.0,1
2019-06-17,GIS,11.0,1
2019-06-17,SO,12.0,1
2019-06-17,AMD,13.0,1
2019-06-17,PAYX,14.0,1
2019-06-17,CPRT,15.0,1
2019-06-17,HSY,16.0,1
2019-06-17,PCAR,17.0,1
2019-06-17,ED,18.0,1
2019-06-17,GE,19.0,1
2019-06-17,XRAY,20.0,1
2019-07-15,MTD,1.0,1
2019-07-15,AMD,2.0,1
2019-07-15,COTY,3.0,1
2019-07-15,BA,4.0,1
2019-07-15,CPB,5.0,1
2019-07-15,CMG,6.0,1
2019-07-15,CPRT,7.0,1
2019-07-15,CINF,8.0,1
2019-07-15,DISH,9.0,1
2019-07-15,GRMN,10.0,1
2019-07-15,SO,11.0,1
2019-07-15,ED,12.0,1
2019-07-15,XRX,13.0,1
2019-07-15,SJM,14.0,1
2019-07-15,PAYX,15.0,1
2019-07-15,HSY,16.0,1
2019-07-15,WAT,17.0,1
2019-07-15,SBUX,18.0,1
2019-07-15,PHM,19.0,1
2019-07-15,PCAR,20.0,1
2019-08-12,CPB,1.0,1
2019-08-12,HSY,2.0,1
2019-08-12,CPRT,3.0,1
2019-08-12,SO,4.0,1
2019-08-12,CINF,5.0,1
2019-08-12,BA,6.0,1
2019-08-12,ED,7.0,1
2019-08-12,SJM,8.0,1
2019-08-12,CMG,9.0,1
2019-08-12,PHM,10.0,1
2019-08-12,HRB,11.0,1
2019-08-12,GRMN,12.0,1
2019-08-12,AMD,13.0,1
2019-08-12,SBAC,14.0,1
2019-08-12,GIS,15.0,1
2019-08-12,SBUX,16.0,1
2019-08-12,ITW,17.0,1
2019-08-12,QCOM,18.0,1
2019-08-12,MTD,19.0,1
2019-08-12,CLX,20.0,1
2019-09-09,CPB,1.0,1
2019-09-09,BA,2.0,1
2019-09-09,HSY,3.0,1
2019-09-09,CINF,4.0,1
2019-09-09,CPRT,5.0,1
2019-09-09,CMG,6.0,1
2019-09-09,SO,7.0,1
2019-09-09,PHM,8.0,1
2019-09-09,QCOM,9.0,1
2019-09-09,ED,10.0,1
2019-09-09,SBUX,11.0,1
2019-09-09,AMD,12.0,1
2019-09-09,K,13.0,1
2019-09-09,SJM,14.0,1
2019-09-09,SBAC,15.0,1
2019-09-09,GRMN,16.0,1
2019-09-09,ITW,17.0,1
2019-09-09,HRL,18.0,1
2019-09-09,GIS,19.0,1
2019-09-09,MTD,20.0,1
2019-10-07,BA,1.0,1
2019-10-07,CPB,2.0,1
2019-10-07,CINF,3.0,1
2019-10-07,SO,4.0,1
2019-10-07,ED,5.0,1
2019-10-07,HSY,6.0,1
2019-10-07,PHM,7.0,1
2019-10-07,HRL,8.0,1
2019-10-07,QCOM,9.0,1
2019-10-07,WHR,10.0,1
2019-10-07,KIM,11.0,1
2019-10-07,CPRT,12.0,1
2019-10-07,EQR,13.0,1
2019-10-07,CLX,14.0,1
2019-10-07,CME,15.0,1
2019-10-07,AFL,16.0,1
2019-10-07,MTD,17.0,1
2019-10-07,SJM,18.0,1
2019-10-07,GRMN,19.0,1
2019-10-07,CB,20.0,1
2019-11-04,BA,1.0,1
2019-11-04,CPB,2.0,1
2019-11-04,GRMN,3.0,1
2019-11-04,SO,4.0,1
2019-11-04,GWW,5.0,1
2019-11-04,ITW,6.0,1
2019-11-04,QRVO,7.0,1
2019-11-04,AMD,8.0,1
2019-11-04,KLAC,9.0,1
2019-11-04,KIM,10.0,1
2019-11-04,PCAR,11.0,1
2019-11-04,NWL,12.0,1
2019-11-04,PHM,13.0,1
2019-11-04,JBHT,14.0,1
2019-11-04,WAT,15.0,1
2019-11-04,ED,16.0,1
2019-11-04,HRL,17.0,1
2019-11-04,INTC,18.0,1
2019-11-04,LRCX,19.0,1
2019-11-04,MAA,20.0,1
2019-12-02,BA,1.0,1
2019-12-02,QRVO,2.0,1
2019-12-02,CPB,3.0,1
2019-12-02,GRMN,4.0,1
2019-12-02,ROK,5.0,1
2019-12-02,TIF,6.0,1
2019-12-02,AGN,7.0,1
2019-12-02,INTC,8.0,1
2019-12-02,WAT,9.0,1
2019-12-02,SO,10.0,1
2019-12-02,ITW,11.0,1
2019-12-02,GWW,12.0,1
2019-12-02,HRL,13.0,1
2019-12-02,NWL,14.0,1
2019-12-02,FTNT,15.0,1
2019-12-02,KLAC,16.0,1
2019-12-02,KHC,17.0,1
2019-12-02,JBHT,18.0,1
2019-12-02,PHM,19.0,1
2019-12-02,LRCX,20.0,1
2019-12-30,QRVO,1.0,1
2019-12-30,TIF,2.0,1
2019-12-30,BA,3.0,1
2019-12-30,CPB,4.0,1
2019-12-30,GRMN,5.0,1
2019-12-30,AMD,6.0,1
2019-12-30,LRCX,7.0,1
2019-12-30,GWW,8.0,1
2019-12-30,ROK,9.0,1
2019-12-30,LEG,10.0,1
2019-12-30,K,11.0,1
2019-12-30,SO,12.0,1
2019-12-30,ITW,13.0,1
2019-12-30,WAT,14.0,1
2019-12-30,INTC,15.0,1
2019-12-30,JBHT,16.0,1
2019-12-30,HRL,17.0,1
2019-12-30,KLAC,18.0,1
2019-12-30,NWL,19.0,1
2019-12-30,AAPL,20.0,1
2020-01-27,TIF,1.0,1
2020-01-27,SO,2.0,1
2020-01-27,GRMN,3.0,1
2020-01-27,NWL,4.0,1
2020-01-27,CPB,5.0,1
2020-01-27,PHM,6.0,1
2020-01-27,CL,7.0,1
2020-01-27,AMD,8.0,1
2020-01-27,QRVO,9.0,1
2020-01-27,ED,10.0,1
2020-01-27,WAT,11.0,1
2020-01-27,INTC,12.0,1
2020-01-27,AAPL,13.0,1
2020-01-27,ROK,14.0,1
2020-01-27,HRL,15.0,1
2020-01-27,CTXS,16.0,1
2020-01-27,LEG,17.0,1
2020-01-27,ITW,18.0,1
2020-01-27,CNC,19.0,1
2020-01-27,KR,20.0,1
2020-02-24,TIF,1.0,1
2020-02-24,AMD,2.0,1
2020-02-24,ROK,3.0,1
2020-02-24,CL,4.0,1
2020-02-24,INTC,5.0,1
2020-02-24,NVDA,6.0,1
2020-02-24,ITW,7.0,1
2020-02-24,PHM,8.0,1
2020-02-24,CNC,9.0,1
2020-02-24,SO,10.0,1
2020-02-24,FAST,11.0,1
2020-02-24,GRMN,12.0,1
2020-02-24,CPB,13.0,1
2020-02-24,REGN,14.0,1
2020-02-24,GE,15.0,1
2020-02-24,BLK,16.0,1
2020-02-24,WAT,17.0,1
2020-02-24,COTY,18.0,1
2020-02-24,ED,19.0,1
2020-02-24,PRGO,20.0,1
2020-03-23,TIF,1.0,1
2020-03-23,CL,2.0,1
2020-03-23,CLX,3.0,1
2020-03-23,AMD,4.0,1
2020-03-23,HRL,5.0,1
2020-03-23,SJM,6.0,1
2020-03-23,REGN,7.0,1
2020-03-23,CPB,8.0,1
2020-03-23,WAT,9.0,1
2020-03-23,CTXS,10.0,1
2020-03-23,CNC,11.0,1
2020-03-23,ED,12.0,1
2020-03-23,BLK,13.0,1
2020-03-23,NFLX,14.0,1
2020-03-23,INTC,15.0,1
2020-03-23,EXPD,16.0,1
2020-03-23,KHC,17.0,1
2020-03-23,ITW,18.0,1
2020-03-23,MKTX,19.0,1
2020-03-23,KR,20.0,1
2020-04-20,AMD,1.0,1
2020-04-20,TIF,2.0,1
2020-04-20,CNC,3.0,1
2020-04-20,BLK,4.0,1
2020-04-20,CL,5.0,1
2020-04-20,CLX,6.0,1
2020-04-20,REGN,7.0,1
2020-04-20,HRL,8.0,1
2020-04-20,ED,9.0,1
2020-04-20,SJM,10.0,1
2020-04-20,WAT,11.0,1
2020-04-20,CPB,12.0,1
2020-04-20,MTD,13.0,1
2020-04-20,LLY,14.0,1
2020-04-20,CTXS,15.0,1
2020-04-20,MKTX,16.0,1
2020-04-20,ITW,17.0,1
2020-04-20,ROK,18.0,1
2020-04-20,KHC,19.0,1
2020-04-20,GIS,20.0,1
2020-05-18,CLX,1.0,1
2020-05-18,BLK,2.0,1
2020-05-18,CL,3.0,1
2020-05-18,HRL,4.0,1
2020-05-18,CNC,5.0,1
2020-05-18,SJM,6.0,1
2020-05-18,MTD,7.0,1
2020-05-18,WAT,8.0,1
2020-05-18,MKTX,9.0,1
2020-05-18,LLY,10.0,1
2020-05-18,NEM,11.0,1
2020-05-18,REGN,12.0,1
2020-05-18,CPB,13.0,1
2020-05-18,NFLX,14.0,1
2020-05-18,ROK,15.0,1
2020-05-18,TIF,16.0,1
2020-05-18,NVDA,17.0,1
2020-05-18,ED,18.0,1
2020-05-18,GIS,19.0,1
2020-05-18,AMD,20.0,1
2020-06-15,CLX,1.0,1
2020-06-15,BLK,2.0,1
2020-06-15,CL,3.0,1
2020-06-15,MKTX,4.0,1
2020-06-15,MTD,5.0,1
2020-06-15,HRL,6.0,1
2020-06-15,SJM,7.0,1
2020-06-15,REGN,8.0,1
2020-06-15,NVDA,9.0,1
2020-06-15,WAT,10.0,1
2020-06-15,ROK,11.0,1
2020-06-15,GIS,12.0,1
2020-06-15,ED,13.0,1
2020-06-15,CNC,14.0,1
2020-06-15,CPB,15.0,1
2020-06-15,MMM,16.0,1
2020-06-15,EXPD,17.0,1
2020-06-15,FAST,18.0,1
2020-06-15,NFLX,19.0,1
2020-06-15,CTXS,20.0,1
2020-07-13,BLK,1.0,1
2020-07-13,CLX,2.0,1
2020-07-13,CL,3.0,1
2020-07-13,MKTX,4.0,1
2020-07-13,JKHY,5.0,1
2020-07-13,MTD,6.0,1
2020-07-13,SJM,7.0,1
2020-07-13,HRL,8.0,1
2020-07-13,GIS,9.0,1
2020-07-13,CPB,10.0,1
2020-07-13,NFLX,11.0,1
2020-07-13,WAT,12.0,1
2020-07-13,FAST,13.0,1
2020-07-13,REGN,14.0,1
2020-07-13,ROK,15.0,1
2020-07-13,MXIM,16.0,1
2020-07-13,NVDA,17.0,1
2020-07-13,EXPD,18.0,1
2020-07-13,TSCO,19.0,1
2020-07-13,ED,20.0,1
2020-08-10,BLK,1.0,1
2020-08-10,MTD,2.0,1
2020-08-10,CL,3.0,1
2020-08-10,CLX,4.0,1
2020-08-10,MKTX,5.0,1
2020-08-10,EXPD,6.0,1
2020-08-10,UPS,7.0,1
2020-08-10,WAT,8.0,1
2020-08-10,SJM,9.0,1
2020-08-10,AMD,10.0,1
2020-08-10,HRL,11.0,1
2020-08-10,CHRW,12.0,1
2020-08-10,ROK,13.0,1
2020-08-10,GIS,14.0,1
2020-08-10,WHR,15.0,1
2020-08-10,FAST,16.0,1
2020-08-10,MMM,17.0,1
2020-08-10,ROL,18.0,1
2020-08-10,JKHY,19.0,1
2020-08-10,NVDA,20.0,1
2020-09-08,BLK,1.0,1
2020-09-08,MTD,2.0,1
2020-09-08,CHRW,3.0,1
2020-09-08,UPS,4.0,1
2020-09-08,HAL,5.0,1
2020-09-08,CMG,6.0,1
2020-09-08,CL,7.0,1
2020-09-08,WHR,8.0,1
2020-09-08,FDX,9.0,1
2020-09-08,EXPD,10.0,1
2020-09-08,AMD,11.0,1
2020-09-08,WAT,12.0,1
2020-09-08,ROK,13.0,1
2020-09-08,FCX,14.0,1
2020-09-08,SJM,15.0,1
2020-09-08,NVDA,16.0,1
2020-09-08,IR,17.0,1
2020-09-08,TSCO,18.0,1
2020-09-08,KHC,19.0,1
2020-09-08,JBHT,20.0,1
2020-10-05,TER,1.0,1
2020-10-05,BLK,2.0,1
2020-10-05,WHR,3.0,1
2020-10-05,RCL,4.0,1
2020-10-05,PHM,5.0,1
2020-10-05,MTD,6.0,1
2020-10-05,HBI,7.0,1
2020-10-05,CL,8.0,1
2020-10-05,FCX,9.0,1
2020-10-05,CTAS,10.0,1
2020-10-05,EXPD,11.0,1
2020-10-05,CHRW,12.0,1
2020-10-05,FDX,13.0,1
2020-10-05,UPS,14.0,1
2020-10-05,IVZ,15.0,1
2020-10-05,WAT,16.0,1
2020-10-05,CCL,17.0,1
2020-10-05,LEN,18.0,1
2020-10-05,ROK,19.0,1
2020-10-05,UNM,20.0,1
2020-11-02,TER,1.0,1
2020-11-02,BLK,2.0,1
2020-11-02,MTD,3.0,1
2020-11-02,IVZ,4.0,1
2020-11-02,CL,5.0,1
2020-11-02,WHR,6.0,1
2020-11-02,TPR,7.0,1
2020-11-02,WAT,8.0,1
2020-11-02,EXPD,9.0,1
2020-11-02,NWL,10.0,1
2020-11-02,ALGN,11.0,1
2020-11-02,FDX,12.0,1
2020-11-02,ED,13.0,1
2020-11-02,FCX,14.0,1
2020-11-02,XRX,15.0,1
2020-11-02,UNM,16.0,1
2020-11-02,ITW,17.0,1
2020-11-02,UPS,18.0,1
2020-11-02,CHRW,19.0,1
2020-11-02,F,20.0,1
2020-11-30,TER,1.0,1
2020-11-30,BLK,2.0,1
2020-11-30,TPR,3.0,1
2020-11-30,MTD,4.0,1
2020-11-30,IVZ,5.0,1
2020-11-30,CL,6.0,1
2020-11-30,UNM,7.0,1
2020-11-30,XRX,8.0,1
2020-11-30,FCX,9.0,1
2020-11-30,ED,10.0,1
2020-11-30,WHR,11.0,1
2020-11-30,WAT,12.0,1
2020-11-30,VAR,13.0,1
2020-11-30,EXPD,14.0,1
2020-11-30,NWL,15.0,1
2020-11-30,SJM,16.0,1
2020-11-30,AFL,17.0,1
2020-11-30,VNO,18.0,1
2020-11-30,ITW,19.0,1
2020-11-30,CINF,20.0,1
2020-12-28,TER,1.0,1
2020-12-28,BLK,2.0,1
2020-12-28,TPR,3.0,1
2020-12-28,CL,4.0,1
2020-12-28,XRX,5.0,1
2020-12-28,VAR,6.0,1
2020-12-28,MTD,7.0,1
2020-12-28,IVZ,8.0,1
2020-12-28,UNM,9.0,1
2020-12-28,EXPD,10.0,1
2020-12-28,XYL,11.0,1
2020-12-28,ED,12.0,1
2020-12-28,AFL,13.0,1
2020-12-28,WAT,14.0,1
2020-12-28,CINF,15.0,1
2020-12-28,WHR,16.0,1
2020-12-28,F,17.0,1
2020-12-28,FCX,18.0,1
2020-12-28,SJM,19.0,1
2020-12-28,PVH,20.0,1
2021-01-25,TER,1.0,1
2021-01-25,BLK,2.0,1
2021-01-25,TPR,3.0,1
2021-01-25,IVZ,4.0,1
2021-01-25,VAR,5.0,1
2021-01-25,MTD,6.0,1
2021-01-25,XRX,7.0,1
2021-01-25,WAT,8.0,1
2021-01-25,EXPD,9.0,1
2021-01-25,F,10.0,1
2021-01-25,UNM,11.0,1
2021-01-25,ED,12.0,1
2021-01-25,FLIR,13.0,1
2021-01-25,SJM,14.0,1
2021-01-25,NTRS,15.0,1
2021-01-25,NTAP,16.0,1
2021-01-25,XYL,17.0,1
2021-01-25,AFL,18.0,1
2021-01-25,OXY,19.0,1
2021-01-25,ALXN,20.0,1
2021-02-22,TER,1.0,1
2021-02-22,BLK,2.0,1
2021-02-22,TPR,3.0,1
2021-02-22,XRX,4.0,1
2021-02-22,IVZ,5.0,1
2021-02-22,OXY,6.0,1
2021-02-22,WAT,7.0,1
2021-02-22,CCL,8.0,1
2021-02-22,UNM,9.0,1
2021-02-22,ED,10.0,1
2021-02-22,MTD,11.0,1
2021-02-22,FLIR,12.0,1
2021-02-22,NTAP,13.0,1
2021-02-22,OKE,14.0,1
2021-02-22,VAR,15.0,1
2021-02-22,EXPD,16.0,1
2021-02-22,LYV,17.0,1
2021-02-22,F,18.0,1
2021-02-22,PBCT,19.0,1
2021-02-22,AFL,20.0,1
2021-03-22,TER,1.0,1
2021-03-22,TPR,2.0,1
2021-03-22,BLK,3.0,1
2021-03-22,IVZ,4.0,1
2021-03-22,OXY,5.0,1
2021-03-22,WAT,6.0,1
2021-03-22,ED,7.0,1
2021-03-22,CCL,8.0,1
2021-03-22,UNM,9.0,1
2021-03-22,OKE,10.0,1
2021-03-22,PBCT,11.0,1
2021-03-22,FLIR,12.0,1
2021-03-22,VAR,13.0,1
2021-03-22,F,14.0,1
2021-03-22,MTD,15.0,1
2021-03-22,EXPD,16.0,1
2021-03-22,SJM,17.0,1
2021-03-22,CINF,18.0,1
2021-03-22,ZION,19.0,1
2021-03-22,AFL,20.0,1
2021-04-19,MCK,1.0,1
2021-04-19,TPR,2.0,1
2021-04-19,OXY,3.0,1
2021-04-19,BLK,4.0,1
2021-04-19,IVZ,5.0,1
2021-04-19,PBCT,6.0,1
2021-04-19,FANG,7.0,1
2021-04-19,WAT,8.0,1
2021-04-19,OKE,9.0,1
2021-04-19,CCL,10.0,1
2021-04-19,FLIR,11.0,1
2021-04-19,UNM,12.0,1
2021-04-19,ZION,13.0,1
2021-04-19,LNC,14.0,1
2021-04-19,AFL,15.0,1
2021-04-19,APA,16.0,1
2021-04-19,DVN,17.0,1
2021-04-19,MTD,18.0,1
2021-04-19,FRT,19.0,1
2021-04-19,EXPE,20.0,1
2021-05-17,MCK,1.0,1
2021-05-17,OXY,2.0,1
2021-05-17,BLK,3.0,1
2021-05-17,APA,4.0,1
2021-05-17,TPR,5.0,1
2021-05-17,IVZ,6.0,1
2021-05-17,NUE,7.0,1
2021-05-17,FANG,8.0,1
2021-05-17,OKE,9.0,1
2021-05-17,PBCT,10.0,1
2021-05-17,WAT,11.0,1
2021-05-17,UNM,12.0,1
2021-05-17,CCL,13.0,1
2021-05-17,EXPD,14.0,1
2021-05-17,DVN,15.0,1
2021-05-17,FCX,16.0,1
2021-05-17,EOG,17.0,1
2021-05-17,CINF,18.0,1
2021-05-17,HBI,19.0,1
2021-05-17,AFL,20.0,1
2021-06-14,MCK,1.0,1
2021-06-14,BLK,2.0,1
2021-06-14,IVZ,3.0,1
2021-06-14,NUE,4.0,1
2021-06-14,WAT,5.0,1
2021-06-14,EXPD,6.0,1
2021-06-14,TPR,7.0,1
2021-06-14,FTNT,8.0,1
2021-06-14,ALXN,9.0,1
2021-06-14,CINF,10.0,1
2021-06-14,F,11.0,1
2021-06-14,PBCT,12.0,1
2021-06-14,JNPR,13.0,1
2021-06-14,ORCL,14.0,1
2021-06-14,ED,15.0,1
2021-06-14,FRT,16.0,1
2021-06-14,SJM,17.0,1
2021-06-14,EQR,18.0,1
2021-06-14,MTD,19.0,1
2021-06-14,UNM,20.0,1
2021-07-12,MCK,1.0,1
2021-07-12,BLK,2.0,1
2021-07-12,NUE,3.0,1
2021-07-12,WAT,4.0,1
2021-07-12,EXPD,5.0,1
2021-07-12,F,6.0,1
2021-07-12,OXY,7.0,1
2021-07-12,EQR,8.0,1
2021-07-12,FRT,9.0,1
2021-07-12,IVZ,10.0,1
2021-07-12,FTNT,11.0,1
2021-07-12,OKE,12.0,1
2021-07-12,ORCL,13.0,1
2021-07-12,VNO,14.0,1
2021-07-12,MAA,15.0,1
2021-07-12,CINF,16.0,1
2021-07-12,ED,17.0,1
2021-07-12,KMI,18.0,1
2021-07-12,MTD,19.0,1
2021-07-12,TPR,20.0,1
2021-08-09,GE,1.0,1
2021-08-09,MCK,2.0,1
2021-08-09,BLK,3.0,1
2021-08-09,ED,4.0,1
2021-08-09,EXPD,5.0,1
2021-08-09,WAT,6.0,1
2021-08-09,MTD,7.0,1
2021-08-09,SJM,8.0,1
2021-08-09,NUE,9.0,1
2021-08-09,MMM,10.0,1
2021-08-09,ORCL,11.0,1
2021-08-09,PAYX,12.0,1
2021-08-09,HRL,13.0,1
2021-08-09,TPR,14.0,1
2021-08-09,UNM,15.0,1
2021-08-09,AFL,16.0,1
2021-08-09,VNO,17.0,1
2021-08-09,KMI,18.0,1
2021-08-09,NTRS,19.0,1
2021-08-09,PBCT,20.0,1
2021-09-07,GE,1.0,1
2021-09-07,MCK,2.0,1
2021-09-07,BLK,3.0,1
2021-09-07,WAT,4.0,1
2021-09-07,ED,5.0,1
2021-09-07,MTD,6.0,1
2021-09-07,EXPD,7.0,1
2021-09-07,SJM,8.0,1
2021-09-07,MMM,9.0,1
2021-09-07,XLNX,10.0,1
2021-09-07,PAYX,11.0,1
2021-09-07,NUE,12.0,1
2021-09-07,ORCL,13.0,1
2021-09-07,XYL,14.0,1
2021-09-07,KR,15.0,1
2021-09-07,NTRS,16.0,1
2021-09-07,HRL,17.0,1
2021-09-07,FAST,18.0,1
2021-09-07,JNPR,19.0,1
2021-09-07,KMB,20.0,1
2021-10-04,GE,1.0,1
2021-10-04,MCK,2.0,1
2021-10-04,BLK,3.0,1
2021-10-04,ED,4.0,1
2021-10-04,WAT,5.0,1
2021-10-04,MTD,6.0,1
2021-10-04,EXPD,7.0,1
2021-10-04,SJM,8.0,1
2021-10-04,PAYX,9.0,1
2021-10-04,CLX,10.0,1
2021-10-04,ORCL,11.0,1
2021-10-04,MMM,12.0,1
2021-10-04,HRL,13.0,1
2021-10-04,XLNX,14.0,1
2021-10-04,PBCT,15.0,1
2021-10-04,CPB,16.0,1
2021-10-04,KMI,17.0,1
2021-10-04,EQR,18.0,1
2021-10-04,JNPR,19.0,1
2021-10-04,NTRS,20.0,1
2021-11-01,GE,1.0,1
2021-11-01,MCK,2.0,1
2021-11-01,BLK,3.0,1
2021-11-01,ED,4.0,1
2021-11-01,XLNX,5.0,1
2021-11-01,TSLA,6.0,1
2021-11-01,PAYX,7.0,1
2021-11-01,SJM,8.0,1
2021-11-01,EXPD,9.0,1
2021-11-01,WAT,10.0,1
2021-11-01,CLX,11.0,1
2021-11-01,MMM,12.0,1
2021-11-01,ORCL,13.0,1
2021-11-01,MTD,14.0,1
2021-11-01,JNPR,15.0,1
2021-11-01,HRL,16.0,1
2021-11-01,CPB,17.0,1
2021-11-01,FAST,18.0,1
2021-11-01,PBCT,19.0,1
2021-11-01,KMB,20.0,1
2021-11-29,MCK,1.0,1
2021-11-29,GE,2.0,1
2021-11-29,BLK,3.0,1
2021-11-29,ED,4.0,1
2021-11-29,XLNX,5.0,1
2021-11-29,TSLA,6.0,1
2021-11-29,PAYX,7.0,1
2021-11-29,JNPR,8.0,1
2021-11-29,AMD,9.0,1
2021-11-29,CLX,10.0,1
2021-11-29,MTD,11.0,1
2021-11-29,KMB,12.0,1
2021-11-29,SJM,13.0,1
2021-11-29,FAST,14.0,1
2021-11-29,WAT,15.0,1
2021-11-29,ORCL,16.0,1
2021-11-29,MMM,17.0,1
2021-11-29,EXPD,18.0,1
2021-11-29,ITW,19.0,1
2021-11-29,CPB,20.0,1
2021-12-27,GE,1.0,1
2021-12-27,MCK,2.0,1
2021-12-27,BLK,3.0,1
2021-12-27,ED,4.0,1
2021-12-27,XLNX,5.0,1
2021-12-27,PAYX,6.0,1
2021-12-27,JNPR,7.0,1
2021-12-27,CLX,8.0,1
2021-12-27,TSLA,9.0,1
2021-12-27,MTD,10.0,1
2021-12-27,KMB,11.0,1
2021-12-27,SJM,12.0,1
2021-12-27,FAST,13.0,1
2021-12-27,EXPD,14.0,1
2021-12-27,HRL,15.0,1
2021-12-27,MMM,16.0,1
2021-12-27,CPB,17.0,1
2021-12-27,ITW,18.0,1
2021-12-27,WAT,19.0,1
2021-12-27,AMD,20.0,1
2022-01-24,GE,1.0,1
2022-01-24,MCK,2.0,1
2022-01-24,BLK,3.0,1
2022-01-24,ED,4.0,1
2022-01-24,XLNX,5.0,1
2022-01-24,SJM,6.0,1
2022-01-24,KMB,7.0,1
2022-01-24,CLX,8.0,1
2022-01-24,CPB,9.0,1
2022-01-24,HRL,10.0,1
2022-01-24,PAYX,11.0,1
2022-01-24,MMM,12.0,1
2022-01-24,F,13.0,1
2022-01-24,GIS,14.0,1
2022-01-24,MTD,15.0,1
2022-01-24,ITW,16.0,1
2022-01-24,EXPD,17.0,1
2022-01-24,FAST,18.0,1
2022-01-24,TSLA,19.0,1
2022-01-24,AFL,20.0,1
2022-02-22,MCK,1.0,1
2022-02-22,APA,2.0,1
2022-02-22,DVN,3.0,1
2022-02-22,ED,4.0,1
2022-02-22,OXY,5.0,1
2022-02-22,BLK,6.0,1
2022-02-22,HAL,7.0,1
2022-02-22,CNC,8.0,1
2022-02-22,F,9.0,1
2022-02-22,FANG,10.0,1
2022-02-22,EXPE,11.0,1
2022-02-22,CLX,12.0,1
2022-02-22,PBCT,13.0,1
2022-02-22,SJM,14.0,1
2022-02-22,KMB,15.0,1
2022-02-22,CPB,16.0,1
2022-02-22,EOG,17.0,1
2022-02-22,PRU,18.0,1
2022-02-22,GIS,19.0,1
2022-02-22,HRL,20.0,1
2022-03-21,MCK,1.0,1
2022-03-21,OXY,2.0,1
2022-03-21,APA,3.0,1
2022-03-21,ED,4.0,1
2022-03-21,BLK,5.0,1
2022-03-21,DVN,6.0,1
2022-03-21,NUE,7.0,1
2022-03-21,DLTR,8.0,1
2022-03-21,HAL,9.0,1
2022-03-21,KR,10.0,1
2022-03-21,CNC,11.0,1
2022-03-21,HRL,12.0,1
2022-03-21,PRU,13.0,1
2022-03-21,PBCT,14.0,1
2022-03-21,PAYX,15.0,1
2022-03-21,SJM,16.0,1
2022-03-21,CLX,17.0,1
2022-03-21,AFL,18.0,1
2022-03-21,KMB,19.0,1
2022-03-21,KMI,20.0,1
2022-04-18,OXY,1.0,1
2022-04-18,NUE,2.0,1
2022-04-18,ED,3.0,1
2022-04-18,DLTR,4.0,1
2022-04-18,KR,5.0,1
2022-04-18,BLK,6.0,1
2022-04-18,APA,7.0,1
2022-04-18,HRL,8.0,1
2022-04-18,CPB,9.0,1
2022-04-18,SJM,10.0,1
2022-04-18,CNC,11.0,1
2022-04-18,NLSN,12.0,1
2022-04-18,CLX,13.0,1
2022-04-18,KMB,14.0,1
2022-04-18,CERN,15.0,1
2022-04-18,NEM,16.0,1
2022-04-18,PAYX,17.0,1
2022-04-18,PRU,18.0,1
2022-04-18,AFL,19.0,1
2022-04-18,GIS,20.0,1
2022-05-16,OXY,1.0,1
2022-05-16,ED,2.0,1
2022-05-16,CPB,3.0,1
2022-05-16,KMB,4.0,1
2022-05-16,CLX,5.0,1
2022-05-16,BLK,6.0,1
2022-05-16,HRL,7.0,1
2022-05-16,SJM,8.0,1
2022-05-16,KMI,9.0,1
2022-05-16,KR,10.0,1
2022-05-16,K,11.0,1
2022-05-16,GIS,12.0,1
2022-05-16,KHC,13.0,1
2022-05-16,CERN,14.0,1
2022-05-16,DLTR,15.0,1
2022-05-16,CTXS,16.0,1
2022-05-16,SO,17.0,1
2022-05-16,DVN,18.0,1
2022-05-16,APA,19.0,1
2022-05-16,CNC,20.0,1
2022-06-13,OXY,1.0,1
2022-06-13,ED,2.0,1
2022-06-13,KMB,3.0,1
2022-06-13,BLK,4.0,1
2022-06-13,CPB,5.0,1
2022-06-13,CLX,6.0,1
2022-06-13,APA,7.0,1
2022-06-13,CL,8.0,1
2022-06-13,MTD,9.0,1
2022-06-13,K,10.0,1
2022-06-13,VLO,11.0,1
2022-06-13,CTXS,12.0,1
2022-06-13,KMI,13.0,1
2022-06-13,NLSN,14.0,1
2022-06-13,SJM,15.0,1
2022-06-13,KR,16.0,1
2022-06-13,MMM,17.0,1
2022-06-13,DVN,18.0,1
2022-06-13,GIS,19.0,1
2022-06-13,HRL,20.0,1
2022-07-11,OXY,1.0,1
2022-07-11,KMB,2.0,1
2022-07-11,ED,3.0,1
2022-07-11,CPB,4.0,1
2022-07-11,BLK,5.0,1
2022-07-11,CL,6.0,1
2022-07-11,CNC,7.0,1
2022-07-11,MTD,8.0,1
2022-07-11,K,9.0,1
2022-07-11,CLX,10.0,1
2022-07-11,NLSN,11.0,1
2022-07-11,GIS,12.0,1
2022-07-11,SJM,13.0,1
2022-07-11,WAT,14.0,1
2022-07-11,KHC,15.0,1
2022-07-11,CTXS,16.0,1
2022-07-11,JKHY,17.0,1
2022-07-11,HRL,18.0,1
2022-07-11,AMGN,19.0,1
2022-07-11,SO,20.0,1
2022-08-08,ENPH,1.0,1
2022-08-08,KMB,2.0,1
2022-08-08,ED,3.0,1
2022-08-08,BLK,4.0,1
2022-08-08,CPB,5.0,1
2022-08-08,CLX,6.0,1
2022-08-08,K,7.0,1
2022-08-08,MTD,8.0,1
2022-08-08,OXY,9.0,1
2022-08-08,NLSN,10.0,1
2022-08-08,NUE,11.0,1
2022-08-08,CL,12.0,1
2022-08-08,JKHY,13.0,1
2022-08-08,CNC,14.0,1
2022-08-08,GIS,15.0,1
2022-08-08,MMM,16.0,1
2022-08-08,CHRW,17.0,1
2022-08-08,SJM,18.0,1
2022-08-08,ROL,19.0,1
2022-08-08,PAYX,20.0,1
2022-09-06,NLSN,1.0,1
2022-09-06,EPAM,2.0,1
2022-09-06,BLK,3.0,1
2022-09-06,KMB,4.0,1
2022-09-06,ENPH,5.0,1
2022-09-06,ED,6.0,1
2022-09-06,CLX,7.0,1
2022-09-06,MTD,8.0,1
2022-09-06,CPB,9.0,1
2022-09-06,GPC,10.0,1
2022-09-06,CL,11.0,1
2022-09-06,K,12.0,1
2022-09-06,GIS,13.0,1
2022-09-06,SJM,14.0,1
2022-09-06,TPR,15.0,1
2022-09-06,EXPD,16.0,1
2022-09-06,CNC,17.0,1
2022-09-06,MMM,18.0,1
2022-09-06,CAH,19.0,1
2022-09-06,PAYX,20.0,1
2022-10-03,KMB,1.0,1
2022-10-03,CPB,2.0,1
2022-10-03,BLK,3.0,1
2022-10-03,CLX,4.0,1
2022-10-03,GIS,5.0,1
2022-10-03,K,6.0,1
2022-10-03,GPC,7.0,1
2022-10-03,CL,8.0,1
2022-10-03,ED,9.0,1
2022-10-03,SJM,10.0,1
2022-10-03,MTD,11.0,1
2022-10-03,NLSN,12.0,1
2022-10-03,OXY,13.0,1
2022-10-03,EXPD,14.0,1
2022-10-03,ENPH,15.0,1
2022-10-03,WAT,16.0,1
2022-10-03,ITW,17.0,1
2022-10-03,MMM,18.0,1
2022-10-03,XYL,19.0,1
2022-10-03,SNA,20.0,1
2022-10-31,BLK,1.0,1
2022-10-31,ENPH,2.0,1
2022-10-31,CPB,3.0,1
2022-10-31,KMB,4.0,1
2022-10-31,CLX,5.0,1
2022-10-31,NFLX,6.0,1
2022-10-31,GPC,7.0,1
2022-10-31,MTD,8.0,1
2022-10-31,GIS,9.0,1
2022-10-31,K,10.0,1
2022-10-31,SJM,11.0,1
2022-10-31,ED,12.0,1
2022-10-31,CL,13.0,1
2022-10-31,ITW,14.0,1
2022-10-31,EXPD,15.0,1
2022-10-31,AFL,16.0,1
2022-10-31,XYL,17.0,1
2022-10-31,OXY,18.0,1
2022-10-31,AMGN,19.0,1
2022-10-31,WAT,20.0,1
2022-11-28,BLK,1.0,1
2022-11-28,SJM,2.0,1
2022-11-28,KMB,3.0,1
2022-11-28,CPB,4.0,1
2022-11-28,CLX,5.0,1
2022-11-28,MTD,6.0,1
2022-11-28,GIS,7.0,1
2022-11-28,GPC,8.0,1
2022-11-28,ENPH,9.0,1
2022-11-28,ED,10.0,1
2022-11-28,WYNN,11.0,1
2022-11-28,ETSY,12.0,1
2022-11-28,EXPD,13.0,1
2022-11-28,CL,14.0,1
2022-11-28,NFLX,15.0,1
2022-11-28,ITW,16.0,1
2022-11-28,K,17.0,1
2022-11-28,AFL,18.0,1
2022-11-28,ROK,19.0,1
2022-11-28,TPR,20.0,1
2022-12-27,FSLR,1.0,1
2022-12-27,BLK,2.0,1
2022-12-27,MTD,3.0,1
2022-12-27,KMB,4.0,1
2022-12-27,CPB,5.0,1
2022-12-27,SJM,6.0,1
2022-12-27,CLX,7.0,1
2022-12-27,WYNN,8.0,1
2022-12-27,GIS,9.0,1
2022-12-27,EXPD,10.0,1
2022-12-27,ITW,11.0,1
2022-12-27,ED,12.0,1
2022-12-27,NUE,13.0,1
2022-12-27,CL,14.0,1
2022-12-27,ETSY,15.0,1
2022-12-27,GPC,16.0,1
2022-12-27,TPR,17.0,1
2022-12-27,AFL,18.0,1
2022-12-27,NFLX,19.0,1
2022-12-27,ROK,20.0,1
2023-01-23,FSLR,1.0,1
2023-01-23,BLK,2.0,1
2023-01-23,WYNN,3.0,1
2023-01-23,KMB,4.0,1
2023-01-23,MTD,5.0,1
2023-01-23,CLX,6.0,1
2023-01-23,CPB,7.0,1
2023-01-23,TPR,8.0,1
2023-01-23,ED,9.0,1
2023-01-23,SJM,10.0,1
2023-01-23,ITW,11.0,1
2023-01-23,EXPD,12.0,1
2023-01-23,CL,13.0,1
2023-01-23,FCX,14.0,1
2023-01-23,RCL,15.0,1
2023-01-23,AFL,16.0,1
2023-01-23,NUE,17.0,1
2023-01-23,MKTX,18.0,1
2023-01-23,GIS,19.0,1
2023-01-23,PRU,20.0,1
2023-02-21,FSLR,1.0,1
2023-02-21,HD,2.0,1
2023-02-21,BLK,3.0,1
2023-02-21,WYNN,4.0,1
2023-02-21,KMB,5.0,1
2023-02-21,CLX,6.0,1
2023-02-21,MTD,7.0,1
2023-02-21,CPB,8.0,1
2023-02-21,MKTX,9.0,1
2023-02-21,EXPD,10.0,1
2023-02-21,SJM,11.0,1
2023-02-21,ED,12.0,1
2023-02-21,ITW,13.0,1
2023-02-21,TPR,14.0,1
2023-02-21,SNA,15.0,1
2023-02-21,NUE,16.0,1
2023-02-21,CINF,17.0,1
2023-02-21,GIS,18.0,1
2023-02-21,CL,19.0,1
2023-02-21,PRU,20.0,1
2023-03-20,FSLR,1.0,1
2023-03-20,HD,2.0,1
2023-03-20,BLK,3.0,1
2023-03-20,KMB,4.0,1
2023-03-20,WYNN,5.0,1
2023-03-20,MTD,6.0,1
2023-03-20,CLX,7.0,1
2023-03-20,CPB,8.0,1
2023-03-20,EXPD,9.0,1
2023-03-20,MKTX,10.0,1
2023-03-20,ITW,11.0,1
2023-03-20,ED,12.0,1
2023-03-20,SJM,13.0,1
2023-03-20,TPR,14.0,1
2023-03-20,GIS,15.0,1
2023-03-20,MMM,16.0,1
2023-03-20,NUE,17.0,1
2023-03-20,FAST,18.0,1
2023-03-20,ODFL,19.0,1
2023-03-20,CHRW,20.0,1
2023-04-17,FSLR,1.0,1
2023-04-17,BLK,2.0,1
2023-04-17,HD,3.0,1
2023-04-17,KMB,4.0,1
2023-04-17,WYNN,5.0,1
2023-04-17,MTD,6.0,1
2023-04-17,CLX,7.0,1
2023-04-17,ED,8.0,1
2023-04-17,EXPD,9.0,1
2023-04-17,CPB,10.0,1
2023-04-17,INTC,11.0,1
2023-04-17,NVDA,12.0,1
2023-04-17,TPR,13.0,1
2023-04-17,ITW,14.0,1
2023-04-17,MKTX,15.0,1
2023-04-17,CHRW,16.0,1
2023-04-17,CL,17.0,1
2023-04-17,GIS,18.0,1
2023-04-17,MMM,19.0,1
2023-04-17,SJM,20.0,1
2023-05-15,FSLR,1.0,1
2023-05-15,HD,2.0,1
2023-05-15,KMB,3.0,1
2023-05-15,BLK,4.0,1
2023-05-15,CLX,5.0,1
2023-05-15,CPB,6.0,1
2023-05-15,WYNN,7.0,1
2023-05-15,MTD,8.0,1
2023-05-15,TPR,9.0,1
2023-05-15,CHRW,10.0,1
2023-05-15,EXPD,11.0,1
2023-05-15,ED,12.0,1
2023-05-15,CL,13.0,1
2023-05-15,GIS,14.0,1
2023-05-15,CTSH,15.0,1
2023-05-15,SNA,16.0,1
2023-05-15,K,17.0,1
2023-05-15,HRL,18.0,1
2023-05-15,ITW,19.0,1
2023-05-15,INTC,20.0,1
2023-06-12,FSLR,1.0,1
2023-06-12,ORCL,2.0,1
2023-06-12,HD,3.0,1
2023-06-12,BLK,4.0,1
2023-06-12,KMB,5.0,1
2023-06-12,CLX,6.0,1
2023-06-12,EXPD,7.0,1
2023-06-12,NVDA,8.0,1
2023-06-12,INTC,9.0,1
2023-06-12,MTD,10.0,1
2023-06-12,ITW,11.0,1
2023-06-12,CHRW,12.0,1
2023-06-12,TPR,13.0,1
2023-06-12,HRL,14.0,1
2023-06-12,ED,15.0,1
2023-06-12,CPB,16.0,1
2023-06-12,CL,17.0,1
2023-06-12,CTSH,18.0,1
2023-06-12,MMM,19.0,1
2023-06-12,CCL,20.0,1
2023-07-10,NVDA,1.0,1
2023-07-10,TSLA,2.0,1
2023-07-10,ORCL,3.0,1
2023-07-10,HD,4.0,1
2023-07-10,BLK,5.0,1
2023-07-10,CCL,6.0,1
2023-07-10,KMB,7.0,1
2023-07-10,CLX,8.0,1
2023-07-10,EXPD,9.0,1
2023-07-10,CHRW,10.0,1
2023-07-10,GWW,11.0,1
2023-07-10,INTC,12.0,1
2023-07-10,FAST,13.0,1
2023-07-10,AMD,14.0,1
2023-07-10,ITW,15.0,1
2023-07-10,CTSH,16.0,1
2023-07-10,NCLH,17.0,1
2023-07-10,ODFL,18.0,1
2023-07-10,SNA,19.0,1
2023-07-10,WYNN,20.0,1
2023-08-07,ORCL,1.0,1
2023-08-07,NVDA,2.0,1
2023-08-07,HD,3.0,1
2023-08-07,BLK,4.0,1
2023-08-07,KMB,5.0,1
2023-08-07,CLX,6.0,1
2023-08-07,EXPD,7.0,1
2023-08-07,TSLA,8.0,1
2023-08-07,INTC,9.0,1
2023-08-07,CCL,10.0,1
2023-08-07,NTAP,11.0,1
2023-08-07,CL,12.0,1
2023-08-07,ED,13.0,1
2023-08-07,PKG,14.0,1
2023-08-07,CHRW,15.0,1
2023-08-07,FAST,16.0,1
2023-08-07,ITW,17.0,1
2023-08-07,CTSH,18.0,1
2023-08-07,PAYX,19.0,1
2023-08-07,RCL,20.0,1
2023-09-05,ORCL,1.0,1
2023-09-05,HD,2.0,1
2023-09-05,NVDA,3.0,1
2023-09-05,BLK,4.0,1
2023-09-05,INTC,5.0,1
2023-09-05,KMB,6.0,1
2023-09-05,EXPD,7.0,1
2023-09-05,CLX,8.0,1
2023-09-05,LLY,9.0,1
2023-09-05,AKAM,10.0,1
2023-09-05,ADBE,11.0,1
2023-09-05,TSLA,12.0,1
2023-09-05,CTSH,13.0,1
2023-09-05,NTAP,14.0,1
2023-09-05,LRCX,15.0,1
2023-09-05,MMM,16.0,1
2023-09-05,HRL,17.0,1
2023-09-05,MTD,18.0,1
2023-09-05,PAYX,19.0,1
2023-09-05,FAST,20.0,1
2023-10-02,HD,1.0,1
2023-10-02,ORCL,2.0,1
2023-10-02,BLK,3.0,1
2023-10-02,KMB,4.0,1
2023-10-02,EXPD,5.0,1
2023-10-02,AKAM,6.0,1
2023-10-02,CTSH,7.0,1
2023-10-02,HRL,8.0,1
2023-10-02,LLY,9.0,1
2023-10-02,TSLA,10.0,1
2023-10-02,AFL,11.0,1
2023-10-02,INTC,12.0,1
2023-10-02,NTAP,13.0,1
2023-10-02,PRU,14.0,1
2023-10-02,PCAR,15.0,1
2023-10-02,NVDA,16.0,1
2023-10-02,ODFL,17.0,1
2023-10-02,PKG,18.0,1
2023-10-02,FFIV,19.0,1
2023-10-02,FAST,20.0,1
2023-10-30,HD,1.0,1
2023-10-30,BLK,2.0,1
2023-10-30,ORCL,3.0,1
2023-10-30,INTC,4.0,1
2023-10-30,KMB,5.0,1
2023-10-30,EXPD,6.0,1
2023-10-30,AKAM,7.0,1
2023-10-30,TSLA,8.0,1
2023-10-30,FFIV,9.0,1
2023-10-30,FAST,10.0,1
2023-10-30,PAYX,11.0,1
2023-10-30,PCAR,12.0,1
2023-10-30,CTSH,13.0,1
2023-10-30,ODFL,14.0,1
2023-10-30,NTAP,15.0,1
2023-10-30,AFL,16.0,1
2023-10-30,PRU,17.0,1
2023-10-30,ADBE,18.0,1
2023-10-30,ITW,19.0,1
2023-10-30,ZION,20.0,1
2023-11-27,HD,1.0,1
2023-11-27,BLK,2.0,1
2023-11-27,INTC,3.0,1
2023-11-27,ORCL,4.0,1
2023-11-27,WAT,5.0,1
2023-11-27,EXPD,6.0,1
2023-11-27,AFL,7.0,1
2023-11-27,PCAR,8.0,1
2023-11-27,EXPE,9.0,1
2023-11-27,PAYX,10.0,1
2023-11-27,KMB,11.0,1
2023-11-27,PRU,12.0,1
2023-11-27,ITW,13.0,1
2023-11-27,FFIV,14.0,1
2023-11-27,TSLA,15.0,1
2023-11-27,FAST,16.0,1
2023-11-27,CNC,17.0,1
2023-11-27,CTSH,18.0,1
2023-11-27,SWK,19.0,1
2023-11-27,PKG,20.0,1
2023-12-26,BLK,1.0,1
2023-12-26,ZION,2.0,1
2023-12-26,HD,3.0,1
2023-12-26,INTC,4.0,1
2023-12-26,WAT,5.0,1
2023-12-26,EXPD,6.0,1
2023-12-26,MTD,7.0,1
2023-12-26,FFIV,8.0,1
2023-12-26,EXPE,9.0,1
2023-12-26,MMM,10.0,1
2023-12-26,CTSH,11.0,1
2023-12-26,PRU,12.0,1
2023-12-26,ORCL,13.0,1
2023-12-26,NTAP,14.0,1
2023-12-26,AKAM,15.0,1
2023-12-26,PCAR,16.0,1
2023-12-26,BXP,17.0,1
2023-12-26,FAST,18.0,1
2023-12-26,PAYX,19.0,1
2023-12-26,GRMN,20.0,1
2024-01-22,HD,1.0,1
2024-01-22,BLK,2.0,1
2024-01-22,INTC,3.0,1
2024-01-22,FFIV,4.0,1
2024-01-22,WAT,5.0,1
2024-01-22,MTD,6.0,1
2024-01-22,EXPD,7.0,1
2024-01-22,ORCL,8.0,1
2024-01-22,FAST,9.0,1
2024-01-22,JNPR,10.0,1
2024-01-22,KMB,11.0,1
2024-01-22,ZION,12.0,1
2024-01-22,AFL,13.0,1
2024-01-22,WDC,14.0,1
2024-01-22,GRMN,15.0,1
2024-01-22,AMGN,16.0,1
2024-01-22,NTAP,17.0,1
2024-01-22,MMM,18.0,1
2024-01-22,ITW,19.0,1
2024-01-22,AKAM,20.0,1
2024-02-20,HD,1.0,1
2024-02-20,BLK,2.0,1
2024-02-20,TPR,3.0,1
2024-02-20,WAT,4.0,1
2024-02-20,MTD,5.0,1
2024-02-20,INTC,6.0,1
2024-02-20,GWW,7.0,1
2024-02-20,JNPR,8.0,1
2024-02-20,CNC,9.0,1
2024-02-20,FAST,10.0,1
2024-02-20,ITW,11.0,1
2024-02-20,KMB,12.0,1
2024-02-20,GRMN,13.0,1
2024-02-20,ORCL,14.0,1
2024-02-20,FFIV,15.0,1
2024-02-20,COF,16.0,1
2024-02-20,EXPD,17.0,1
2024-02-20,PRU,18.0,1
2024-02-20,CTLT,19.0,1
2024-02-20,PCAR,20.0,1
2024-03-18,HD,1.0,1
2024-03-18,BLK,2.0,1
2024-03-18,TPR,3.0,1
2024-03-18,MTD,4.0,1
2024-03-18,NVDA,5.0,1
2024-03-18,WAT,6.0,1
2024-03-18,GWW,7.0,1
2024-03-18,AMD,8.0,1
2024-03-18,FAST,9.0,1
2024-03-18,GRMN,10.0,1
2024-03-18,ORCL,11.0,1
2024-03-18,PCAR,12.0,1
2024-03-18,KMB,13.0,1
2024-03-18,NTAP,14.0,1
2024-03-18,JNPR,15.0,1
2024-03-18,KLAC,16.0,1
2024-03-18,ITW,17.0,1
2024-03-18,FFIV,18.0,1
2024-03-18,EXPD,19.0,1
2024-03-18,IR,20.0,1
2024-04-15,HD,1.0,1
2024-04-15,BLK,2.0,1
2024-04-15,MTD,3.0,1
2024-04-15,TPR,4.0,1
2024-04-15,WAT,5.0,1
2024-04-15,JNPR,6.0,1
2024-04-15,ORCL,7.0,1
2024-04-15,KMB,8.0,1
2024-04-15,GRMN,9.0,1
2024-04-15,NTAP,10.0,1
2024-04-15,CLX,11.0,1
2024-04-15,GWW,12.0,1
2024-04-15,NFLX,13.0,1
2024-04-15,COF,14.0,1
2024-04-15,PCAR,15.0,1
2024-04-15,NVDA,16.0,1
2024-04-15,EXPD,17.0,1
2024-04-15,FFIV,18.0,1
2024-04-15,NTRS,19.0,1
2024-04-15,SYF,20.0,1
2024-05-13,HD,1.0,1
2024-05-13,MTD,2.0,1
2024-05-13,BLK,3.0,1
2024-05-13,MRNA,4.0,1
2024-05-13,WAT,5.0,1
2024-05-13,TPR,6.0,1
2024-05-13,GRMN,7.0,1
2024-05-13,CTLT,8.0,1
2024-05-13,KMB,9.0,1
2024-05-13,NTAP,10.0,1
2024-05-13,CAT,11.0,1
2024-05-13,AXP,12.0,1
2024-05-13,SYF,13.0,1
2024-05-13,NVDA,14.0,1
2024-05-13,PRU,15.0,1
2024-05-13,ORCL,16.0,1
2024-05-13,TXN,17.0,1
2024-05-13,EXPD,18.0,1
2024-05-13,APH,19.0,1
2024-05-13,JNPR,20.0,1
2024-06-10,HD,1.0,1
2024-06-10,MTD,2.0,1
2024-06-10,MRNA,3.0,1
2024-06-10,BLK,4.0,1
2024-06-10,KMB,5.0,1
2024-06-10,TPR,6.0,1
2024-06-10,FSLR,7.0,1
2024-06-10,EXPD,8.0,1
2024-06-10,NTAP,9.0,1
2024-06-10,GRMN,10.0,1
2024-06-10,CTLT,11.0,1
2024-06-10,TXN,12.0,1
2024-06-10,QCOM,13.0,1
2024-06-10,TER,14.0,1
2024-06-10,WAT,15.0,1
2024-06-10,APH,16.0,1
2024-06-10,JNPR,17.0,1
2024-06-10,PRU,18.0,1
2024-06-10,KLAC,19.0,1
2024-06-10,WDC,20.0,1
2024-07-08,HD,1.0,1
2024-07-08,MTD,2.0,1
2024-07-08,BLK,3.0,1
2024-07-08,NTAP,4.0,1
2024-07-08,GRMN,5.0,1
2024-07-08,KMB,6.0,1
2024-07-08,KLAC,7.0,1
2024-07-08,TXN,8.0,1
2024-07-08,AMAT,9.0,1
2024-07-08,CTLT,10.0,1
2024-07-08,TER,11.0,1
2024-07-08,TPR,12.0,1
2024-07-08,QCOM,13.0,1
2024-07-08,EXPD,14.0,1
2024-07-08,JNPR,15.0,1
2024-07-08,WAT,16.0,1
2024-07-08,LRCX,17.0,1
2024-07-08,GWW,18.0,1
2024-07-08,ORCL,19.0,1
2024-07-08,QRVO,20.0,1
2024-08-05,HD,1.0,1
2024-08-05,MTD,2.0,1
2024-08-05,BLK,3.0,1
2024-08-05,GRMN,4.0,1
2024-08-05,CHRW,5.0,1
2024-08-05,KMB,6.0,1
2024-08-05,K,7.0,1
2024-08-05,NTAP,8.0,1
2024-08-05,WAT,9.0,1
2024-08-05,EXPD,10.0,1
2024-08-05,AFL,11.0,1
2024-08-05,IP,12.0,1
2024-08-05,HRL,13.0,1
2024-08-05,ED,14.0,1
2024-08-05,TXN,15.0,1
2024-08-05,MMM,16.0,1
2024-08-05,PAYX,17.0,1
2024-08-05,ADM,18.0,1
2024-08-05,CPB,19.0,1
2024-08-05,D,20.0,1
2024-09-03,HD,1.0,1
2024-09-03,BLK,2.0,1
2024-09-03,MTD,3.0,1
2024-09-03,CHRW,4.0,1
2024-09-03,K,5.0,1
2024-09-03,KMB,6.0,1
2024-09-03,GRMN,7.0,1
2024-09-03,AFL,8.0,1
2024-09-03,ED,9.0,1
2024-09-03,EXPD,10.0,1
2024-09-03,CLX,11.0,1
2024-09-03,ADM,12.0,1
2024-09-03,O,13.0,1
2024-09-03,CL,14.0,1
2024-09-03,PAYX,15.0,1
2024-09-03,CPB,16.0,1
2024-09-03,TXN,17.0,1
2024-09-03,MMM,18.0,1
2024-09-03,NEM,19.0,1
2024-09-03,CTAS,20.0,1
2024-09-30,DELL,1.0,1
2024-09-30,HD,2.0,1
2024-09-30,BLK,3.0,1
2024-09-30,MTD,4.0,1
2024-09-30,EXPD,5.0,1
2024-09-30,KMB,6.0,1
2024-09-30,GRMN,7.0,1
2024-09-30,CLX,8.0,1
2024-09-30,CHRW,9.0,1
2024-09-30,PAYX,10.0,1
2024-09-30,WAT,11.0,1
2024-09-30,ED,12.0,1
2024-09-30,ITW,13.0,1
2024-09-30,TSLA,14.0,1
2024-09-30,LUV,15.0,1
2024-09-30,K,16.0,1
2024-09-30,O,17.0,1
2024-09-30,AFL,18.0,1
2024-09-30,CL,19.0,1
2024-09-30,FFIV,20.0,1
2024-10-28,DELL,1.0,1
2024-10-28,HD,2.0,1
2024-10-28,BLK,3.0,1
2024-10-28,MTD,4.0,1
2024-10-28,EXPD,5.0,1
2024-10-28,GRMN,6.0,1
2024-10-28,KMB,7.0,1
2024-10-28,PAYX,8.0,1
2024-10-28,NTRS,9.0,1
2024-10-28,ITW,10.0,1
2024-10-28,CHRW,11.0,1
2024-10-28,TPR,12.0,1
2024-10-28,K,13.0,1
2024-10-28,CLX,14.0,1
2024-10-28,FFIV,15.0,1
2024-10-28,HSY,16.0,1
2024-10-28,AFL,17.0,1
2024-10-28,LUV,18.0,1
2024-10-28,O,19.0,1
2024-10-28,ED,20.0,1
2024-11-25,DELL,1.0,1
2024-11-25,HD,2.0,1
2024-11-25,BLK,3.0,1
2024-11-25,MTD,4.0,1
2024-11-25,EXPD,5.0,1
2024-11-25,KMB,6.0,1
2024-11-25,TPR,7.0,1
2024-11-25,CLX,8.0,1
2024-11-25,ITW,9.0,1
2024-11-25,GRMN,10.0,1
2024-11-25,PAYX,11.0,1
2024-11-25,FFIV,12.0,1
2024-11-25,NTRS,13.0,1
2024-11-25,TSLA,14.0,1
2024-11-25,K,15.0,1
2024-11-25,WAT,16.0,1
2024-11-25,HSY,17.0,1
2024-11-25,LUV,18.0,1
2024-11-25,GWW,19.0,1
2024-11-25,FAST,20.0,1
2024-12-23,DELL,1.0,1
2024-12-23,HD,2.0,1
2024-12-23,BLK,3.0,1
2024-12-23,TSLA,4.0,1
2024-12-23,MTD,5.0,1
2024-12-23,EXPD,6.0,1
2024-12-23,TPR,7.0,1
2024-12-23,FFIV,8.0,1
2024-12-23,CLX,9.0,1
2024-12-23,GRMN,10.0,1
2024-12-23,WAT,11.0,1
2024-12-23,KMB,12.0,1
2024-12-23,ITW,13.0,1
2024-12-23,K,14.0,1
2024-12-23,PAYX,15.0,1
2024-12-23,FAST,16.0,1
2024-12-23,NTRS,17.0,1
2024-12-23,LUV,18.0,1
2024-12-23,HSY,19.0,1
2024-12-23,FTNT,20.0,1
